time,power_link_1,power_link_2,power_link_3,power_link_4,power_link_5,power_link_6
126.30280000194576,,,,,,
126.31280000194609,8.156630584727384e-54,0.0,0.0,0.0,0.0,0.0
126.32280000194642,0.0,0.0,0.0,0.0,0.0,0.0
126.33280000194677,8.156630584715792e-54,0.0,0.0,0.0,0.0,0.0
126.34280000194708,0.0,0.0,0.0,0.0,0.0,0.0
126.3528000019474,8.156630584738975e-54,0.0,0.0,0.0,0.0,0.0
126.36280000194776,0.0,0.0,0.0,0.0,0.0,0.0
126.37280000194808,8.156630584738975e-54,0.0,0.0,0.0,0.0,0.0
126.3828000019484,0.0,0.0,0.0,0.0,0.0,0.0
126.39280000194874,8.156630584715792e-54,0.0,0.0,0.0,0.0,0.0
126.40280000194907,0.0,0.0,0.0,0.0,0.0,0.0
126.4128000019494,8.156630584727384e-54,0.0,0.0,0.0,0.0,0.0
126.42280000194974,0.0,0.0,0.0,0.0,0.0,0.0
126.43280000195008,8.156630584715792e-54,0.0,0.0,0.0,0.0,0.0
126.4428000019504,8.156630584738975e-54,0.0,0.0,0.0,0.0,0.0
126.45280000195072,0.0,0.0,0.0,0.0,0.0,0.0
126.46280000195108,8.156630584704201e-54,0.0,0.0,0.0,0.0,0.0
126.4728000019514,0.0,0.0,0.0,0.0,0.0,0.0
126.48280000195172,8.156630584738975e-54,0.0,0.0,0.0,0.0,0.0
126.49280000195206,0.0,0.0,0.0,0.0,0.0,0.0
126.5028000019524,8.156630584727384e-54,0.0,0.0,0.0,0.0,0.0
126.51280000195273,0.0,0.0,0.0,0.0,0.0,0.0
126.52280000195306,8.156630584727384e-54,0.0,0.0,0.0,0.0,0.0
126.5328000019534,0.0,0.0,0.0,0.0,0.0,0.0
126.54280000195372,8.156630584738975e-54,0.0,0.0,0.0,0.0,0.0
126.55280000195404,0.0,0.0,0.0,0.0,0.0,0.0
126.5628000019544,8.156630584704201e-54,0.0,0.0,0.0,0.0,0.0
126.57280000195472,0.0,0.0,0.0,0.0,0.0,0.0
126.58280000195504,8.156630584738975e-54,0.0,0.0,0.0,0.0,0.0
126.59280000195538,0.0,0.0,0.0,0.0,0.0,0.0
126.60280000195571,8.156630584727384e-54,0.0,0.0,0.0,0.0,0.0
126.61280000195605,0.0,0.0,0.0,0.0,0.0,0.0
126.62280000195638,8.156630584727384e-54,0.0,0.0,0.0,0.0,0.0
126.63280000195672,8.156630584715792e-54,0.0,0.0,0.0,0.0,0.0
126.64280000195704,0.0,0.0,0.0,0.0,0.0,0.0
126.65280000195736,8.156630584738975e-54,0.0,0.0,0.0,0.0,0.0
126.6628000019577,0.0,0.0,0.0,0.0,0.0,0.0
126.67280000195804,8.156630584727384e-54,0.0,0.0,0.0,0.0,0.0
126.68280000195836,0.0,0.0,0.0,0.0,0.0,0.0
126.6928000019587,8.156630584715792e-54,0.0,0.0,0.0,0.0,0.0
126.70280000195903,0.0,0.0,0.0,0.0,0.0,0.0
126.71280000195937,8.156630584727384e-54,0.0,0.0,0.0,0.0,0.0
126.7228000019597,0.0,0.0,0.0,0.0,0.0,0.0
126.73280000196004,8.156630584715792e-54,0.0,0.0,0.0,0.0,0.0
126.74280000196036,0.0,0.0,0.0,0.0,0.0,0.0
126.7528000019607,8.156630584727384e-54,0.0,0.0,0.0,0.0,0.0
126.76280000196104,0.0,0.0,0.0,0.0,0.0,0.0
126.77280000196136,8.156630584738975e-54,0.0,0.0,0.0,0.0,0.0
126.78280000196168,0.0,0.0,0.0,0.0,0.0,0.0
126.79280000196202,8.156630584715792e-54,0.0,0.0,0.0,0.0,0.0
126.80280000196235,0.0,0.0,0.0,0.0,0.0,0.0
126.81280000196269,8.156630584727384e-54,0.0,0.0,0.0,0.0,0.0
126.82280000196302,8.156630584727384e-54,0.0,0.0,0.0,0.0,0.0
126.83280000196336,0.0,0.0,0.0,0.0,0.0,0.0
126.84280000196368,8.156630584738975e-54,0.0,0.0,0.0,0.0,0.0
126.852800001964,0.0,0.0,0.0,0.0,0.0,0.0
126.86280000196436,8.156630584704201e-54,0.0,0.0,0.0,0.0,0.0
126.87280000196468,0.0,0.0,0.0,0.0,0.0,0.0
126.882800001965,8.156630584738975e-54,0.0,0.0,0.0,0.0,0.0
126.89280000196534,0.0,0.0,0.0,0.0,0.0,0.0
126.90280000196567,8.156630584727384e-54,0.0,0.0,0.0,0.0,0.0
126.912800001966,0.0,0.0,0.0,0.0,0.0,0.0
126.92280000196634,8.156630584727384e-54,0.0,0.0,0.0,0.0,0.0
126.93280000196668,0.0,0.0,0.0,0.0,0.0,0.0
126.942800001967,8.156630584738975e-54,0.0,0.0,0.0,0.0,0.0
126.95280000196732,0.0,0.0,0.0,0.0,0.0,0.0
126.96280000196766,8.156630584715792e-54,0.0,0.0,0.0,0.0,0.0
126.972800001968,0.0,0.0,0.0,0.0,0.0,0.0
126.98280000196831,8.156630584738975e-54,0.0,0.0,0.0,0.0,0.0
126.99280000196866,0.0,0.0,0.0,0.0,0.0,0.0
127.002800001969,8.156630584715792e-54,0.0,0.0,0.0,0.0,0.0
127.01280000196932,8.156630584738975e-54,0.0,0.0,0.0,0.0,0.0
127.02280000196966,0.0,0.0,0.0,0.0,0.0,0.0
127.03280000197,8.156630584715792e-54,0.0,0.0,0.0,0.0,0.0
127.04280000197032,0.0,0.0,0.0,0.0,0.0,0.0
127.05280000197064,8.156630584738975e-54,0.0,0.0,0.0,0.0,0.0
127.06280000197098,0.0,0.0,0.0,0.0,0.0,0.0
127.07280000197132,8.156630584727384e-54,0.0,0.0,0.0,0.0,0.0
127.08280000197163,0.0,0.0,0.0,0.0,0.0,0.0
127.09280000197198,8.156630584715792e-54,0.0,0.0,0.0,0.0,0.0
127.10280000197233,0.0,0.0,0.0,0.0,0.0,0.0
127.11280000197264,8.156630584738975e-54,0.0,0.0,0.0,0.0,0.0
127.12280000197298,0.0,0.0,0.0,0.0,0.0,0.0
127.13280000197332,8.156630584715792e-54,0.0,0.0,0.0,0.0,0.0
127.14280000197364,0.0,0.0,0.0,0.0,0.0,0.0
127.15280000197396,8.156630584738975e-54,0.0,0.0,0.0,0.0,0.0
127.1628000019743,0.0,0.0,0.0,0.0,0.0,0.0
127.17280000197464,8.156630584727384e-54,0.0,0.0,0.0,0.0,0.0
127.18280000197495,0.0,0.0,0.0,0.0,0.0,0.0
127.1928000019753,8.156630584715792e-54,0.0,0.0,0.0,0.0,0.0
127.20280000197565,8.156630584715792e-54,0.0,0.0,0.0,0.0,0.0
127.21280000197596,0.0,0.0,0.0,0.0,0.0,0.0
127.2228000019763,8.156630584727384e-54,0.0,0.0,0.0,0.0,0.0
127.23280000197664,0.0,0.0,0.0,0.0,0.0,0.0
127.24280000197696,8.156630584738975e-54,0.0,0.0,0.0,0.0,0.0
127.25280000197728,0.0,0.0,0.0,0.0,0.0,0.0
127.26280000197762,8.156630584715792e-54,0.0,0.0,0.0,0.0,0.0
127.27280000197796,0.0,0.0,0.0,0.0,0.0,0.0
127.28280000197827,8.156630584738975e-54,0.0,0.0,0.0,0.0,0.0
127.29280000197862,0.0,0.0,0.0,0.0,0.0,0.0
127.30280000197897,8.156630584715792e-54,0.0,0.0,0.0,0.0,0.0
127.31280000197928,0.0,0.0,0.0,0.0,0.0,0.0
127.32280000197962,8.156630584727384e-54,0.0,0.0,0.0,0.0,0.0
127.33280000197996,0.0,0.0,0.0,0.0,0.0,0.0
127.34280000198028,8.156630584738975e-54,0.0,0.0,0.0,0.0,0.0
127.3528000019806,0.0,0.0,0.0,0.0,0.0,0.0
127.36280000198094,8.156630584715792e-54,0.0,0.0,0.0,0.0,0.0
127.37280000198128,0.0,0.0,0.0,0.0,0.0,0.0
127.3828000019816,8.156630584738975e-54,0.0,0.0,0.0,0.0,0.0
127.39280000198194,8.156630584715792e-54,0.0,0.0,0.0,0.0,0.0
127.40280000198229,0.0,0.0,0.0,0.0,0.0,0.0
127.4128000019826,8.156630584738975e-54,0.0,0.0,0.0,0.0,0.0
127.42280000198294,0.0,0.0,0.0,0.0,0.0,0.0
127.43280000198328,8.156630584715792e-54,0.0,0.0,0.0,0.0,0.0
127.4428000019836,0.0,0.0,0.0,0.0,0.0,0.0
127.45280000198392,8.156630584738975e-54,0.0,0.0,0.0,0.0,0.0
127.46280000198426,0.0,0.0,0.0,0.0,0.0,0.0
127.4728000019846,8.156630584727384e-54,0.0,0.0,0.0,0.0,0.0
127.48280000198493,0.0,0.0,0.0,0.0,0.0,0.0
127.49280000198526,8.156630584727384e-54,0.0,0.0,0.0,0.0,0.0
127.5028000019856,0.0,0.0,0.0,0.0,0.0,0.0
127.51280000198592,8.156630584738975e-54,0.0,0.0,0.0,0.0,0.0
127.52280000198624,0.0,0.0,0.0,0.0,0.0,0.0
127.5328000019866,8.156630584704201e-54,0.0,0.0,0.0,0.0,0.0
127.54280000198692,0.0,0.0,0.0,0.0,0.0,0.0
127.55280000198724,8.156630584738975e-54,0.0,0.0,0.0,0.0,0.0
127.56280000198758,0.0,0.0,0.0,0.0,0.0,0.0
127.57280000198791,8.156630584727384e-54,0.0,0.0,0.0,0.0,0.0
127.58280000198825,8.156630584727384e-54,0.0,0.0,0.0,0.0,0.0
127.59280000198858,0.0,0.0,0.0,0.0,0.0,0.0
127.60280000198892,8.156630584715792e-54,0.0,0.0,0.0,0.0,0.0
127.61280000198924,0.0,0.0,0.0,0.0,0.0,0.0
127.62280000198956,8.156630584738975e-54,0.0,0.0,0.0,0.0,0.0
127.6328000019899,0.0,0.0,0.0,0.0,0.0,0.0
127.64280000199024,8.156630584727384e-54,0.0,0.0,0.0,0.0,0.0
127.65280000199056,0.0,0.0,0.0,0.0,0.0,0.0
127.6628000019909,8.156630584715792e-54,0.0,0.0,0.0,0.0,0.0
127.67280000199123,0.0,0.0,0.0,0.0,0.0,0.0
127.68280000199157,8.156630584727384e-54,0.0,0.0,0.0,0.0,0.0
127.6928000019919,0.0,0.0,0.0,0.0,0.0,0.0
127.70280000199224,8.156630584715792e-54,0.0,0.0,0.0,0.0,0.0
127.71280000199256,0.0,0.0,0.0,0.0,0.0,0.0
127.7228000019929,8.156630584727384e-54,0.0,0.0,0.0,0.0,0.0
127.73280000199324,0.0,0.0,0.0,0.0,0.0,0.0
127.74280000199356,8.156630584738975e-54,0.0,0.0,0.0,0.0,0.0
127.75280000199388,0.0,0.0,0.0,0.0,0.0,0.0
127.76280000199422,8.156630584715792e-54,0.0,0.0,0.0,0.0,0.0
127.77280000199455,8.156630584727384e-54,0.0,0.0,0.0,0.0,0.0
127.78280000199489,0.0,0.0,0.0,0.0,0.0,0.0
127.79280000199522,8.156630584727384e-54,0.0,0.0,0.0,0.0,0.0
127.80280000199556,0.0,0.0,0.0,0.0,0.0,0.0
127.81280000199588,8.156630584738975e-54,0.0,0.0,0.0,0.0,0.0
127.8228000019962,0.0,0.0,0.0,0.0,0.0,0.0
127.83280000199656,8.156630584704201e-54,0.0,0.0,0.0,0.0,0.0
127.84280000199688,0.0,0.0,0.0,0.0,0.0,0.0
127.8528000019972,8.156630584738975e-54,0.0,0.0,0.0,0.0,0.0
127.86280000199754,0.0,0.0,0.0,0.0,0.0,0.0
127.87280000199787,8.156630584727384e-54,0.0,0.0,0.0,0.0,0.0
127.8828000019982,0.0,0.0,0.0,0.0,0.0,0.0
127.89280000199854,8.156630584727384e-54,0.0,0.0,0.0,0.0,0.0
127.90280000199888,0.0,0.0,0.0,0.0,0.0,0.0
127.9128000019992,8.156630584738975e-54,0.0,0.0,0.0,0.0,0.0
127.92280000199952,0.0,0.0,0.0,0.0,0.0,0.0
127.93280000199988,8.156630584704201e-54,0.0,0.0,0.0,0.0,0.0
127.9428000020002,0.0,0.0,0.0,0.0,0.0,0.0
127.95280000200052,8.156630584738975e-54,0.0,0.0,0.0,0.0,0.0
127.96280000200086,8.156630584715792e-54,0.0,0.0,0.0,0.0,0.0
127.9728000020012,0.0,0.0,0.0,0.0,0.0,0.0
127.98280000200153,8.156630584727384e-54,0.0,0.0,0.0,0.0,0.0
127.99280000200186,0.0,0.0,0.0,0.0,0.0,0.0
128.00280000200218,8.156630584738975e-54,0.0,0.0,0.0,0.0,0.0
128.0128000020025,0.0,0.0,0.0,0.0,0.0,0.0
128.02280000200284,8.156630584727384e-54,0.0,0.0,0.0,0.0,0.0
128.03280000200317,0.0,0.0,0.0,0.0,0.0,0.0
128.0428000020035,8.156630584727384e-54,0.0,0.0,0.0,0.0,0.0
128.05280000200383,0.0,0.0,0.0,0.0,0.0,0.0
128.06280000200417,8.156630584727384e-54,0.0,0.0,0.0,0.0,0.0
128.0728000020045,0.0,0.0,0.0,0.0,0.0,0.0
128.08280000200483,8.156630584727384e-54,0.0,0.0,0.0,0.0,0.0
128.09280000200516,0.0,0.0,0.0,0.0,0.0,0.0
128.1028000020055,8.156630584727384e-54,0.0,0.0,0.0,0.0,0.0
128.11280000200583,0.0,0.0,0.0,0.0,0.0,0.0
128.12280000200616,8.156630584727384e-54,0.0,0.0,0.0,0.0,0.0
128.1328000020065,0.0,0.0,0.0,0.0,0.0,0.0
128.14280000200682,8.156630584727384e-54,0.0,0.0,0.0,0.0,0.0
128.15280000200715,8.156630584727384e-54,0.0,0.0,0.0,0.0,0.0
128.1628000020075,0.0,0.0,0.0,0.0,0.0,0.0
128.17280000200782,8.156630584727384e-54,0.0,0.0,0.0,0.0,0.0
128.18280000200815,0.0,0.0,0.0,0.0,0.0,0.0
128.19280000200848,8.156630584727384e-54,0.0,0.0,0.0,0.0,0.0
128.2028000020088,0.0,0.0,0.0,0.0,0.0,0.0
128.21280000200915,8.156630584704201e-54,0.0,0.0,0.0,0.0,0.0
128.22280000200948,0.0,0.0,0.0,0.0,0.0,0.0
128.2328000020098,8.156630584727384e-54,0.0,0.0,0.0,0.0,0.0
128.24280000201014,0.0,0.0,0.0,0.0,0.0,0.0
128.25280000201047,8.156630584727384e-54,0.0,0.0,0.0,0.0,0.0
128.2628000020108,0.0,0.0,0.0,0.0,0.0,0.0
128.27280000201114,8.156630584727384e-54,0.0,0.0,0.0,0.0,0.0
128.28280000201147,0.0,0.0,0.0,0.0,0.0,0.0
128.2928000020118,8.156630584727384e-54,0.0,0.0,0.0,0.0,0.0
128.30280000201213,0.0,0.0,0.0,0.0,0.0,0.0
128.31280000201247,8.156630584727384e-54,0.0,0.0,0.0,0.0,0.0
128.3228000020128,0.0,0.0,0.0,0.0,0.0,0.0
128.33280000201313,8.156630584727384e-54,0.0,0.0,0.0,0.0,0.0
128.34280000201346,8.156630584727384e-54,0.0,0.0,0.0,0.0,0.0
128.3528000020138,0.0,0.0,0.0,0.0,0.0,0.0
128.36280000201413,8.156630584727384e-54,0.0,0.0,0.0,0.0,0.0
128.37280000201446,1.9973930743965874e-05,0.00014700514189363667,0.0003933299018979074,0.0006145079197455863,0.0008854765750004952,9.07779506945421e-05
128.3828000020148,0.0002015505452195522,0.001483688367667988,0.003968051299755699,0.006200402221394207,0.008934581994312088,0.0009159618615324329
128.39280000201512,0.00044868694047623477,0.0033052354407106664,0.008827141061276987,0.013800589500080777,0.019886858661227337,0.002038773307798373
128.40280000201545,0.0006854250152001746,0.0050556466447860705,0.01346662272507032,0.021075074309868286,0.030371271008110212,0.0031136157762110227
128.4128000020158,0.0008415905408596296,0.006218267157174376,0.016503896656584898,0.025863734545176046,0.037275428391940965,0.003821410408848004
128.42280000201612,0.0012452852954295147,0.009224385342212002,0.024361260825731312,0.03824969891267666,0.05513163819392642,0.005651982300790384
128.43280000201645,0.001425270935831487,0.010588489795714003,0.027796610220536717,0.04374293199846252,0.06305808147810395,0.006464560912962825
128.44280000201678,0.001747851035811787,0.013035422970838513,0.03395944123906556,0.05359705457037688,0.07727513736912112,0.007922025780433708
128.4528000020171,0.00204444156056561,0.015308565070185734,0.03956147398251735,0.06262912704847796,0.09031301103116346,0.009258587864159815
128.46280000201745,0.002291246055894838,0.01724529075777667,0.04411243517479587,0.07010489911852327,0.1011144885460224,0.01036585965941813
128.47280000201778,0.0025867075668866485,0.019578234261514338,0.04952988611838159,0.07904333946229491,0.11403201494722937,0.011690042231218778
128.4828000020181,0.0027963266640352864,0.02130735800584666,0.053195303704851704,0.08531763672872354,0.12311613327352572,0.012621212399729907
128.49280000201844,0.003287559700899324,0.025200686318672987,0.062190004111736676,0.10017772985187468,0.1445912838440047,0.01482264067324609
128.50280000201877,0.0032162923475932623,0.024839764138397922,0.0603608478677414,0.09779282208931216,0.14119996076598298,0.014474838774423475
128.5128000020191,0.004005263712080888,0.031239552652367924,0.07458497182964934,0.12164489037235118,0.17567569278402018,0.018008937821140856
128.52280000201944,0.004311038011404001,0.0338796199883538,0.07968901329642501,0.13068616553669984,0.18879085560398814,0.01935323666660776
128.53280000201977,0.0043225230408783085,0.03438380479468277,0.07900448164961586,0.1307015119394361,0.18889306392594452,0.01936347833066518
128.5428000020201,0.004824027015885662,0.038685314798675124,0.0875267651138497,0.14561809422071484,0.21050875002669964,0.02157913444365701
128.55280000202043,0.005368519951717425,0.043603690386448186,0.09639393094031418,0.16175511304555643,0.2339088051666001,0.023977631325802537
128.56280000202077,0.005555604104605156,0.04569961656066939,0.09862386409969813,0.1669693174609533,0.24154673344602215,0.024760283176418138
128.5728000020211,0.005527688732168547,0.04596242079140205,0.09706749433345517,0.16563120364096115,0.2397234208461613,0.024573045718763422
128.58280000202143,0.006462422239179531,0.05484413945120322,0.1118788614326171,0.19339122320659832,0.27996164806304796,0.028697446690927105
128.59280000202176,0.0066222833364141,0.05683749761768499,0.11345752543664385,0.19763473166629728,0.2862218806710835,0.02933878436279025
128.6028000020221,0.007253175076973037,0.06292445459963324,0.12318933712404995,0.21605236644782044,0.3129813095013146,0.03208142886114524
128.61280000202242,0.007433670511313072,0.06612494620785309,0.12382014960613151,0.2207843777857605,0.3199760083619343,0.032797883533539705
128.62280000202276,0.004962690859062482,0.04722181599355992,0.07754193300831151,0.14566525747136488,0.21149228720384391,0.02167690340557144
128.6328000020231,0.0015855232621784347,0.020016897618070795,0.016554777186975414,0.04372687684624097,0.06411804037531854,0.0065696837197930045
128.64280000202342,0.0014889604674875848,0.020205257321716227,0.01393176839024588,0.040789021290576766,0.05985785443667577,0.006132891528984656
128.65280000202375,0.0014320751489684265,0.01992724006277893,0.012944889158112358,0.03904950064094735,0.05733066671193223,0.005873820628116223
128.66280000202408,0.0013676916955704338,0.019559426591221098,0.011849301868860778,0.03708769391858406,0.054482148107309544,0.005581814678675956
128.67280000202442,0.0013703050883619946,0.0203171390768888,0.011379031613439972,0.03717078197832069,0.05457910512939095,0.005591711122771351
128.68280000202475,0.0013635450792632625,0.021035844313616478,0.010760005931730895,0.03699024001788838,0.05428757825253123,0.0055617943554274055
128.69280000202508,0.0011695739353043885,0.019550584872562605,0.007515351891121372,0.03120304678372474,0.0458878310538866,0.004700794784124196
128.7028000020254,0.0014076070139421863,0.021715828309630248,0.011743323073816262,0.03829717027967632,0.05614524491820215,0.005752222039208514
128.71280000202574,0.0012330675639563085,0.02101426043197758,0.008303915668144028,0.03314913515306245,0.048648041780641624,0.004983721173368887
128.72280000202608,0.00122386547647138,0.020161025617687428,0.00902449309399343,0.03280310687231805,0.048162854259053166,0.004934028200065613
128.7328000020264,0.0011106474173417354,0.021486813165650893,0.0055015125874932624,0.029658404149000218,0.043495412453274734,0.004455571187590428
128.74280000202674,0.001091910220419123,0.020098385638888848,0.0064125459456826454,0.0290011808124772,0.042576320478308956,0.004361422294099876
128.75280000202707,0.0014491837011270218,0.026086870810613,0.01055520438001183,0.03988287752203636,0.05820231316541228,0.005963068917979523
128.7628000020274,0.0009855682515310384,0.021908998751955334,0.003219130512405877,0.02619914731826531,0.03833646439756611,0.003926872243905424
128.77280000202774,0.00108549247901974,0.022617612360152948,0.005326246122950216,0.029170956326631265,0.042629400810655464,0.0043669435550692075
128.78280000202807,0.0010585629727086778,0.02287272703642463,0.004856056744293721,0.028473148898670732,0.041565335513679316,0.004257921325736179
128.7928000020284,0.0010981472973005525,0.02298047883189976,0.005945074610938919,0.029635840989341567,0.04324530448276138,0.0044301536334338506
128.80280000202873,0.0009445164409368355,0.021961108941650244,0.0034809950534591995,0.025200703112433335,0.03676439600808569,0.003765923194836192
128.81280000202906,0.000858877410492333,0.024079334994849173,0.000741379019707938,0.023160757426230583,0.033585964970282156,0.0034402413870920664
128.8228000020294,0.0008430141138052749,0.02101520754299702,0.002449537915619409,0.022328456702666435,0.032541471864281614,0.003333200021939556
128.83280000202973,0.0011485913850938292,0.02862233093362665,0.005123562077991988,0.032079796845500316,0.04633888117038249,0.004747531892375886
128.84280000203006,0.0008310359909596734,0.022232521950633473,0.0021560717197658193,0.022295822855925948,0.03234644415116665,0.0033133529391862135
128.8528000020304,0.0007831840136645394,0.025161367807661345,8.099327883379441e-05,0.021528038577630547,0.030947289326126476,0.0031701154240951646
128.86280000203072,0.0009415287310671508,0.024289992592338393,0.004019867812697423,0.02582164439094055,0.03733418400953667,0.003824720674587137
128.87280000203106,0.0008845387995941277,0.026752365316020436,0.0021022003696614445,0.02475123656125238,0.03551166051393376,0.0036381002244071153
128.8828000020314,0.0007520374817729964,0.02487682073015464,0.0006551410220664558,0.020864699159822562,0.029877350262762663,0.003060675906038523
128.89280000203172,0.0008203933931173972,0.02614773268459513,0.0018089897670252706,0.023049430702503013,0.03296735030722309,0.0033774781352563107
128.90280000203205,0.0005879467933641767,0.024659737526361993,0.0017092982534041602,0.016532091748049847,0.02338997919651836,0.0023959980045438495
128.91280000203238,0.0009121137260358552,0.027645186995478174,0.003679097017914709,0.026005292769656126,0.037141628061073614,0.003805491620267065
128.92280000203272,0.0006552614854863117,0.025863478763759752,0.00016484072542241173,0.01878401249644803,0.026541222996438903,0.0027191663584775253
128.93280000203305,0.0005412169013156208,0.025659426339586247,0.0018281260160197682,0.015774959901500508,0.022039812471500986,0.0022579613871404934
128.94280000203338,0.0008333399145396161,0.0271637994466703,0.0033590110665749494,0.024043252852720506,0.034159682841360645,0.003500121579989718
128.9528000020337,0.0007220467734391337,0.028220210250095377,0.0013582550230088887,0.02136289253702598,0.030022015920792643,0.003076270854360989
128.96280000203404,0.0005381400814211546,0.02652012658994236,0.0010693997177491355,0.01618949438659636,0.022440786700511226,0.002299381746093724
128.97280000203438,0.0003944423779163133,0.027204110246986844,0.0033718449673197834,0.012629501156967973,0.017005090408119993,0.001742537702491803
128.9828000020347,0.0005534075437662759,0.027819855241406493,0.00036697938596663926,0.017124843391730874,0.023600541979670125,0.0024185248345783834
128.99280000203504,0.0007198382272497434,0.030180552750070245,0.0022985887352934085,0.02219190846878779,0.03086533742638437,0.0031632270441640047
129.00280000203537,0.0005372226456831938,0.028699932141842938,9.84446954026901e-05,0.01713939633888261,0.02342860793190456,0.002401185397492202
129.0128000020357,0.0005032876348527142,0.028637635679403625,0.00028283049015515667,0.016350467162547077,0.022207433454747967,0.0022761541288874314
129.02280000203604,0.0004831498185407125,0.02888966512505113,0.00029131841995798586,0.016005551151229893,0.02161269144311946,0.0022153422728882835
129.03280000203637,0.0002835052092468648,0.02662216332307868,0.0027661334069903096,0.010359136455456306,0.013365728629627071,0.0013702328645718758
129.0428000020367,0.0006625042592624157,0.030110584164401412,0.0030959410739594866,0.02124308047671532,0.029228447647847624,0.002995991132855673
129.05280000203703,0.00037400798344775686,0.031221754373866047,0.0012743366772552625,0.014104906870483215,0.0183289981293932,0.0018794393759673826
129.06280000203736,0.00023868633549113997,0.027562344229019584,0.0024859870256740742,0.009827971851019425,0.012298302215383883,0.0012612920288168337
129.0728000020377,0.0005513911240253539,0.03242931813644201,0.002129402868376267,0.019306785107290017,0.02588609782887939,0.0026540924180609195
129.08280000203803,0.0003773039561610464,0.029649054958469055,0.00013971370272599919,0.014224355485084944,0.018543053580199944,0.0019015606284337855
129.09280000203836,0.0003326098991030934,0.03124649139093052,0.00031154966695895117,0.013616290088499086,0.01736950001454131,0.0017816111312928958
129.1028000020387,0.00031302460813909547,0.02807623944307058,3.3529244697624803e-05,0.012440042550467581,0.015955924058415095,0.0016365517055294927
129.11280000203902,0.00032023533333543823,0.03367268707063918,9.959475652155884e-05,0.014220277939073824,0.017850641082885893,0.0018314191880858654
129.12280000203936,0.00030350990375176026,0.0315217534636619,0.00040589586193939917,0.013384996127000396,0.016816855255176774,0.0017253871970819951
129.1328000020397,0.0004394407536882346,0.033879304401548384,0.0026076001651975304,0.017638451756245396,0.02286481560015577,0.002345410089980878
129.14280000204002,0.0003891781172979435,0.03109962959872228,0.0023555261511094194,0.015747976469667326,0.020336714961180547,0.0020861864964154225
129.15280000204035,7.934483137731731e-05,0.02974886517147902,0.0037603257049230463,0.003577835377262828,0.002075122743750382,0.000215240156445069
129.16280000204068,0.00022810296212193057,0.03207500372851834,0.0008477781988636421,0.012209900465549083,0.014741040039736704,0.001513277583411051
129.172800002041,0.000275318388048549,0.030674854256286604,0.0018502597135799659,0.013170123793915849,0.016337126259612318,0.0016767359270172815
129.18280000204135,5.1244763200373145e-05,0.03154601100228179,0.002150755417887892,0.0052820784779047,0.0042146080839835405,0.00043505152407298146
129.19280000204168,0.0004984053077837455,0.03698618147383976,0.005588130864832741,0.02086887582589653,0.026988564948464296,0.002769001232269636
129.202800002042,1.2995944853927415e-05,0.031174415177597,0.0008399601857051708,0.0064746492410812685,0.005951422620354055,0.000613198739362583
129.21280000204234,0.0002772846948965557,0.03444954674673941,0.003385544040374424,0.014877856009393332,0.018160170644066772,0.0018644881460456145
129.22280000204267,5.590645529492494e-06,0.031292527477939876,0.0001721468334868916,0.007300036562551097,0.007066066039295542,0.0007276640591203418
129.232800002043,0.00024940189273931336,0.03599311437915735,0.0038427091120876444,0.014927886853542564,0.01789346751136647,0.0018376315857260713
129.24280000204334,5.036567890870747e-05,0.03119948350889341,0.00022804304843643966,0.006189842821230966,0.005274495181320269,0.0005443767283957361
129.25280000204367,0.00021195760415048336,0.03433093857524512,0.00400761549640747,0.01382088517446741,0.016345020356334946,0.0016790268749516065
129.262800002044,2.9108449499348184e-05,0.030425445033866537,0.0011516888344764733,0.006814777231390465,0.006224492046089944,0.0006418412282685078
129.2728000020443,5.165567925875477e-05,0.036472187048606365,0.0017743342527915549,0.008185762627508442,0.00732768500610912,0.0007558560261125626
129.28280000204467,0.00023215278636486676,0.032778223027640836,0.005150941347357284,0.014334147009472194,0.017193293878597932,0.001766077290262409
129.292800002045,0.00017903145144248974,0.03624335274495347,0.00108866625391704,0.005287428738045443,0.0028208775988803098,0.00029442390953084456
129.30280000204533,0.000323141614868808,0.03661445080100309,0.007271641013488216,0.018040534947125153,0.02213312036963575,0.0022729241678154104
129.31280000204566,0.0003030995365183937,0.03136086852135293,5.450631460547108e-05,0.0010924966020423958,0.0029394918359864986,0.0002961127933296591
129.322800002046,0.00014290257413594542,0.038350033596596035,0.006164776725874461,0.014406934901144666,0.01620375065909243,0.0016660556085707238
129.33280000204633,3.5815360478149075e-05,0.03528255618564759,0.004173152028340185,0.009222023770095877,0.008717946068245665,0.0008988997096021741
129.34280000204666,7.797262477231347e-05,0.037118276747860064,0.004357348237474619,0.008904807505416544,0.007877840293669332,0.0008132626419653875
129.352800002047,0.00012361600883346248,0.0320176002922964,0.003503839580232171,0.006389031138438292,0.004792579107901011,0.0004965580132018776
129.36280000204732,1.363277571720982e-05,0.03928790337772431,0.006138981658885617,0.011489362641734873,0.01135058008784535,0.0011696030908342444
129.37280000204763,0.00038995509419270056,0.030386184483250332,0.0012057686695826307,0.000334804769351156,0.005344719965627016,0.000541839578713612
129.382800002048,0.00021140547604136834,0.04153765201846935,0.009586959265801887,0.01804758023690571,0.020887503342972957,0.0021471310818206467
129.39280000204832,0.000109752606068571,0.036181531944885444,0.005770157876147617,0.00865988152805773,0.007345173016921612,0.0007592147021902675
129.40280000204865,0.0002673305006547217,0.034458107534274585,0.004260832308812632,0.004420531517476342,0.0010798427312943692,0.00011729098996355717
129.41280000204898,0.00013245005486887322,0.03643212023304798,0.006326003849605158,0.008505180514043685,0.006944908508130056,0.0007185150949517475
129.4228000020493,1.0721783780765671e-06,0.03844165988259485,0.008339040340806687,0.012509268476603955,0.012683923548485177,0.0013068312668812333
129.43280000204965,0.0004707113298152037,0.031019247358324634,0.0027348888083548735,0.001151914004711354,0.007066253876486476,0.000717310723717101
129.44280000204998,7.391329688852525e-06,0.04065354186019414,0.009580080323571534,0.013732751556520128,0.014067646273076957,0.0014491945250096538
129.4528000020503,0.00018382007574467012,0.03681255610451506,0.007348656921020388,0.008004279218945577,0.00587379680863364,0.0006093737767530449
129.46280000205064,0.00018338155308483334,0.03575431940783349,0.007469160060103707,0.007833325737620524,0.005732712255290637,0.0005948659284821875
129.47280000205097,0.00020509971685089766,0.03844670121786718,0.008229354251817545,0.008323520568821597,0.005965228578084109,0.0006192723459496641
129.4828000020513,0.00036865069801168013,0.033188918136008994,0.00592913354866473,0.0028118644560984874,0.0016536290992990367,0.00016190568026828252
129.49280000205164,0.00023374525972590088,0.037275454368098294,0.008418229949078676,0.007561292902444517,0.004877253398431526,0.0005078769445125714
129.50280000205197,0.00022254411083229075,0.03760274016007123,0.00894367537755099,0.008093754681555976,0.0055796080390476295,0.000579998979127664
129.5128000020523,7.514727401022697e-05,0.03466751068106029,0.00978529210675154,0.010870498657985327,0.010300618685868543,0.0010631630520452433
129.52280000205263,0.00023585467739590399,0.04342086928732273,0.010971177143293421,0.009959839773032378,0.007319723281334078,0.000759506909445959
129.53280000205297,0.0004440918330103265,0.03466799622157085,0.007385526899269848,0.0022109691529598355,0.003123021292477928,0.0003115549781102961
129.5428000020533,8.479708830419708e-05,0.04095004039136589,0.012299219119832401,0.01313281906264293,0.012509865843369711,0.001290931416557128
129.55280000205363,0.0004527323570344155,0.03497198339322889,0.008092360474714032,0.0024006995832070634,0.0030008303245415953,0.00029874790311836506
129.56280000205396,0.0001234723898096973,0.04224596596483006,0.013016803462815627,0.012918485914401008,0.011837353700707352,0.0012225211679051371
129.5728000020543,0.0002875786178697013,0.038317883369654596,0.010991282256733502,0.007799585409180061,0.0045990710977772235,0.0004805307821020571
129.58280000205465,0.00030340508783798615,0.038204152438559555,0.01117134555562365,0.0075231443957041655,0.004137915593495417,0.00043339014716607384
129.59280000205496,0.0003149967873720668,0.03833233070600707,0.011456528262845121,0.007432076635209479,0.003917929215863514,0.0004109978917532653
129.6028000020553,0.0004751235779389741,0.03352828854910683,0.009186999648996124,0.0020975459434667905,0.0034894730708938805,0.00034849810164081814
129.61280000205562,0.00016649791042158745,0.04318529729259929,0.014639544859471141,0.012924796438442313,0.011395425031877784,0.0011780172982345878
129.62280000205595,0.0004352760627812392,0.033884351927378854,0.010215627524477933,0.0034535242189359513,0.0015714854166625062,0.00015176426526822232
129.63280000205629,0.00039531830362546285,0.038310067399737746,0.01217589730032851,0.006036667291153956,0.001555190592278098,0.00016942477609741997
129.64280000205662,4.315824684930827e-05,0.04306959918163149,0.01701328049658062,0.018383229889974376,0.019664082869571584,0.0020252670696977127
129.65280000205695,0.00057663328220544,0.03820970202493279,0.01154954531376835,0.0018902763247935265,0.004924571977762556,0.0004940788385965953
129.66280000205728,0.000256531871658156,0.042086204012997355,0.015295392108458962,0.011082255669277043,0.008481396296438654,0.0008798968257719834
129.6728000020576,0.000397581992229444,0.038058725168280974,0.013369088247599668,0.006443013686171893,0.0020127296498297837,0.00021667190987897526
129.68280000205797,0.0004948625286275844,0.037126414983773386,0.012749300580482705,0.0039055211129729026,0.0017815832096739407,0.00017204272053143008
129.69280000205828,0.0003914708932765401,0.03846905388671604,0.014174530124279973,0.006990860172429019,0.002678416927229832,0.00028513848489912963
129.7028000020586,0.00025081090565465925,0.041757826044832615,0.01647592803135802,0.011643176561173373,0.009196695141916468,0.0009535214750326699
129.71280000205894,0.0004042835676829076,0.03888318626043606,0.014846631882677886,0.00707821377742513,0.0026351702051257767,0.000280990149772701
129.72280000205927,0.0007005185933348732,0.030796419265180272,0.010547774010094116,0.0027346545655866435,0.01105467771735378,0.0011226981403630971
129.7328000020596,0.00024714622753177566,0.04283298630990266,0.01777609170987888,0.012483097957589057,0.010141340276743089,0.0010507877443746733
129.74280000205994,0.0005777644161603283,0.03499158941823799,0.013352600623797516,0.0019074779532576467,0.004766779447946922,0.00047764993787899584
129.75280000206027,9.001328190408237e-05,0.04578969381232545,0.02033061082808038,0.017559763005880275,0.0173239352348227,0.001787263480072361
129.7628000020606,0.0005027360527356639,0.03997934228275209,0.016181322990983005,0.005678280028948118,2.5132893612665472e-05,1.433600338488574e-05
129.77280000206093,0.000563414610899785,0.036512612509582425,0.01488397131799569,0.0031286209828849405,0.003309340741003889,0.00032779844160156344
129.78280000206126,0.0004467999255486915,0.03896126963606822,0.016723912734848138,0.00691770858894245,0.0020324029798407302,0.00021991887759327102
129.7928000020616,0.00030646975923025654,0.04236545648574007,0.019039319035372034,0.011621128984151706,0.008604128411913553,0.0008938183331624977
129.80280000206193,0.0007487495068376457,0.030348713580196557,0.012448164310411406,0.00318213892379471,0.012025540714920764,0.0012215639413278257
129.81280000206226,0.00018031259002430035,0.043777418623175156,0.020786915619091396,0.015407652290361838,0.014089258665673338,0.0014561161594469057
129.8228000020626,0.0007354604717089784,0.03447659476763135,0.014666816291802762,0.0012225319975026853,0.009865630092310156,0.000999352714042792
129.83280000206292,0.00032241677555680103,0.044597539949353254,0.02095805289917252,0.012464381073285435,0.009298798819592455,0.0009657680459411083
129.84280000206326,0.0003557325208380664,0.04144578658588026,0.019839439931385285,0.010668275156844053,0.0070771878938672,0.0007376660869497641
129.8528000020636,0.0007455810498862989,0.030734837937896196,0.013998227369938504,0.0024804949396955503,0.011224875580512208,0.001139107524553414
129.86280000206392,0.00019284575469798537,0.04827428996815701,0.023879492560727588,0.017247828092456396,0.015845154552986095,0.0016373179627644742
129.87280000206425,0.00046635090466230273,0.0399077872585368,0.019523969103017007,0.007747738689071567,0.0027311971343822296,0.00029243223875260994
129.88280000206458,0.0005357412612091044,0.03728728525716286,0.018414717488984485,0.0052306597931530965,0.0006954377864609239,5.902041492811357e-05
129.89280000206492,0.0006153491870251177,0.03609228693511969,0.017839278987892244,0.002954271235255007,0.004019547558661643,0.0003996918147911055
129.90280000206525,0.0004996290144754332,0.03917865535544826,0.019885261290698956,0.006968674054855663,0.0015441490409482713,0.00017091091416787552
129.91280000206558,0.0049838197958269785,0.15174954758968928,0.07870927230043119,0.17044571591092575,0.23560552735742585,0.024160102226088963
129.9228000020659,0.006807577863034568,0.23623707802243746,0.12222452577854295,0.2456049864611849,0.3351979557988235,0.03437946017234216
129.93280000206624,0.006091754147547401,0.2170404177404311,0.1117355173510959,0.2218617314389554,0.3020616516975709,0.030981801392727184
129.94280000206658,0.006909461095567228,0.25248221394924686,0.1306625118266721,0.25515886408442867,0.3464185637590516,0.035533308898018395
129.9528000020669,0.00628699937271786,0.23567322242579325,0.12158631328615052,0.2345173504791953,0.31761657112810554,0.032580086648763155
129.96280000206724,0.006306368415618973,0.24225710016529617,0.12505939130560936,0.23794355249587387,0.3214438967665231,0.032974026364262436
129.97280000206757,0.005714019074416999,0.2246975715989337,0.11573703549298091,0.21766863586631793,0.29338188131569853,0.030096352276727627
129.9828000020679,0.0056904439587608675,0.2284545701837146,0.11780768479906044,0.21897029660114406,0.2944936788239886,0.030211487768425485
129.99280000206824,0.005639654246165419,0.23113768747294564,0.1193103269107661,0.21920472617073908,0.2941700859345347,0.030179352568270593
130.00280000206857,0.0047626460782452555,0.19908556991169063,0.10249025427853993,0.18655826156550995,0.2498811025241211,0.0256362997539117
130.0128000020689,0.0053602614442460565,0.22817592133618625,0.11795241972971764,0.2122051168024277,0.2836461653912336,0.02910152610973845
130.02280000206923,0.004910489939496193,0.21286544875331134,0.11001739724837258,0.1960398905059378,0.2615484421564449,0.02683509387992575
130.03280000206956,0.004657500492785524,0.20564636570005188,0.10633031145368904,0.1875903830721517,0.24979409318709042,0.025629844186802093
130.0428000020699,0.004341949156041077,0.19455751295464105,0.1006616477259919,0.17616013263853492,0.23420836917801605,0.024031277414364883
130.05280000207023,0.0038061275410577926,0.17336633200907103,0.08965809875843202,0.15558182555448047,0.2065010224108007,0.021188835435163943
130.06280000207056,0.004253849089744834,0.19614188416082431,0.1017563035706304,0.1751948670577945,0.23220477106590637,0.023826910498447807
130.0728000020709,0.003580756011394154,0.1675603181150885,0.08688778526579148,0.14847318436951903,0.1964893215640214,0.020162520188094377
130.08280000207122,0.0034880001475996267,0.16501560415534755,0.08568713368658697,0.1454963827405521,0.19231830435611322,0.01973491772964702
130.09280000207156,0.0029619984525581064,0.14195127686288414,0.0737050642000591,0.12431400554757173,0.1640984554443474,0.01683943897016283
130.1028000020719,0.002965650710052332,0.14345918831819465,0.07460238198474578,0.12513325203464237,0.1650077458468038,0.016933056150224925
130.11280000207222,0.0029885140393591816,0.1460884378775122,0.07606099011072,0.1268205104274044,0.1670407038521116,0.017142003449939512
130.12280000207255,0.002472109475473695,0.12200921040118133,0.06353850718950822,0.10540565404271088,0.13869363622043618,0.014233192788527438
130.13280000207288,0.0021758682727634655,0.10828727610997176,0.05642435988214868,0.09317838136235852,0.12249491840590483,0.01257100344073553
130.14280000207322,0.0020367287175652375,0.10208591954172301,0.05323504232825567,0.08755983329372968,0.11501898272423407,0.011803937999501265
130.15280000207355,0.0017213144880085431,0.0868775861427192,0.04532284871693576,0.0742667217704964,0.09748439145276275,0.01000454703162817
130.16280000207388,0.0006746668993928222,0.03393110285567153,0.017689207620143376,0.02904800046389492,0.038144386285398874,0.003914621522465662
130.1728000020742,0.0002580637571564042,0.012762495392035864,0.006637271823534973,0.011006984651984467,0.014480762517436895,0.0014860613005172468
130.18280000207454,0.00024360761056182407,0.012090764841400647,0.006290199232544167,0.01041045296044353,0.013690620687574673,0.0014049833685268705
130.19280000207488,0.0002279640886245126,0.011354014464373216,0.005908588220476978,0.009759958120064808,0.012830302597400608,0.0013167021725560763
130.2028000020752,0.00021201209026645932,0.01059474651130394,0.005514742331246271,0.009092786745193896,0.011948957731507334,0.0012262615632201155
130.21280000207554,0.00020310697020408248,0.010182893242847704,0.005302747050802692,0.008726817538204019,0.011463892186777435,0.0011764888550202593
130.22280000207587,0.00018888718685513168,0.009500204466202674,0.004948373591536456,0.008129404692536561,0.01067543533088174,0.0010955789024937124
130.2328000020762,0.0001727200105972803,0.008713607735810565,0.0045390978103959125,0.0074449669469056744,0.00977347336993407,0.0010030188372497128
130.24280000207654,0.00017343663526006472,0.008775656450898736,0.004574841183427949,0.00748975592427987,0.009828910012147127,0.0010087145641022581
130.25280000207687,0.00014272132170782022,0.007242032125492839,0.003772954088351278,0.0061695487276288595,0.008094193543280505,0.0008306874303283125
130.2628000020772,0.00016271285901052338,0.008279516396898208,0.004320132459075263,0.007049507138756254,0.009245347576894634,0.0009488353710579783
130.27280000207753,0.00013449829337044202,0.00686327855254616,0.0035793090166280988,0.005833381873466963,0.007648306184664697,0.0007849358026730687
130.28280000207786,0.00013106330534814564,0.006705359395384184,0.003498677773275823,0.005693165057611188,0.007462277206907931,0.0007658478443718993
130.2928000020782,0.00011584240414477387,0.005941454239101324,0.0030997446696100096,0.005037757793734524,0.006601508653978263,0.000677510145187702
130.30280000207853,0.00011632378199563935,0.0059805045057116325,0.003122144847394955,0.005066494602422931,0.006637307860726518,0.0006811878026312525
130.31280000207886,0.00011591919904611994,0.005974522758401092,0.0031207806116594827,0.005056609964685,0.006622474160819612,0.0006796689354751833
130.3228000020792,0.00010630494553703555,0.00549248398034693,0.002869316819849908,0.004643060886418611,0.00607926473034544,0.0006239214626057617
130.33280000207952,9.244284229650172e-05,0.00478729047077547,0.002500494418362729,0.0040417299784404805,0.005290686050052945,0.0005429904003378163
130.34280000207983,9.39957063461997e-05,0.004878248060395677,0.002549617077994059,0.004115458672558462,0.005385830898974284,0.0005527579484734554
130.3528000020802,8.464729205724413e-05,0.004402680301535876,0.002301102739301737,0.0037101243102474735,0.004854260131105606,0.0004982034763157304
130.36280000208052,7.727426912309903e-05,0.004027378421923875,0.002105117880893967,0.0033904714362035736,0.004435069493836317,0.00045518248341933483
130.37280000208085,7.536502915423134e-05,0.003935586862616927,0.0020579438014041483,0.00331061443226256,0.004329645185673063,0.00044436426930655047
130.38280000208118,7.322396464793621e-05,0.0038313699912997236,0.002004165635482932,0.0032203402528847547,0.004210643589969627,0.0004321524619732823
130.39280000208151,6.651540254139043e-05,0.0034870457942487226,0.0018241571760890505,0.002928137657789141,0.003827802319920848,0.00039286135689328233
130.40280000208185,6.232636863946814e-05,0.00327343447845605,0.0017127360489455575,0.002746482513302464,0.003589613992597783,0.00036841640228783113
130.41280000208218,5.902257753011321e-05,0.003105432977409664,0.0016251997992537996,0.002603493463252592,0.003402061720730078,0.00034916828779878607
130.4228000020825,5.5548430204821796e-05,0.0029276860772206818,0.0015324789572561382,0.0024525897953353404,0.0032042646637797487,0.0003288685322511291
130.43280000208284,5.182996031142327e-05,0.0027362763059120185,0.0014325115704401324,0.002290487576430088,0.0029919355728186127,0.00030707709846592525
130.44280000208315,4.7318883786132897e-05,0.00250209410600845,0.0013100026714851177,0.002092838443476624,0.002733293219254092,0.00028053206913351283
130.4528000020835,4.768469074385758e-05,0.0025253978204541616,0.0013227744904283764,0.0021111682794014075,0.002756728001848101,0.00028293828092083753
130.46280000208384,4.3310223393261474e-05,0.0022972970245605335,0.001203360618828365,0.0019190100588488998,0.002505395799025805,0.0002571432890645365
130.47280000208417,4.0749603943332186e-05,0.002164664569094089,0.001134078843809088,0.0018070338269167976,0.0023588209773292403,0.00024210010133584987
130.4828000020845,3.847822325261233e-05,0.0020469502192266903,0.001072599421878376,0.001707688678678714,0.00222878652490561,0.0002287544707437389
130.49280000208483,3.590828954556495e-05,0.0019128953391237742,0.001002490011153758,0.0015948428616424837,0.0020811899904601304,0.00021360621737760339
130.50280000208517,3.392044340239616e-05,0.0018094350672772882,0.0009484313931755467,0.0015076970019021008,0.001967176523003971,0.00020190475733405247
130.5128000020855,3.204318613520375e-05,0.0017115337015522702,0.0008972639532830656,0.0014253064467927748,0.0018594084098289972,0.00019084423159405716
130.52280000208583,2.8910001355270343e-05,0.0015461060977767364,0.0008105575900412291,0.0012867403996389788,0.001678418092199173,0.0001722682414578624
130.53280000208616,2.831857023772504e-05,0.0015163053863382434,0.0007951437932753437,0.0012613569244183814,0.0016450812863904004,0.0001688470607876324
130.5428000020865,2.7536628702525694e-05,0.0014762302072642108,0.0007743073250077449,0.0012274248022951899,0.0016006065866475106,0.00016428268215529942
130.55280000208683,2.4910531616917897e-05,0.0013370358121443941,0.0007013217074829533,0.0011110371292246879,0.0014486495307760728,0.00014868642356198042
130.56280000208716,2.3691966084540596e-05,0.0012730685094011526,0.0006678764017781048,0.0010573728211644327,0.001378505214876113,0.00014148724944581967
130.5728000020875,2.129722713743509e-05,0.0011456162689867302,0.000601019883063118,0.0009510008120138218,0.0012396868523930045,0.0001272393915042913
130.58280000208782,2.0869420307461767e-05,0.0011237676667749837,0.0005896926390216472,0.0009324970105715042,0.001215422080434192,0.00012474916156144495
130.59280000208815,2.0294629447410677e-05,0.0010939533265825442,0.0005741621501346074,0.0009073828597020788,0.0011825491188517051,0.0001213753778363965
130.6028000020885,1.842568922334204e-05,0.0009942303582086947,0.0005218430937947596,0.0008242547154689037,0.0010740944891404324,0.00011024390645467087
130.61280000208882,1.74054696044992e-05,0.0009400885716380253,0.000493487411553304,0.0007790426749290228,0.0010150698070238852,0.00010418585884906474
130.62280000208915,1.5690023897587113e-05,0.00084822243861744,0.0004452717278047023,0.0007025888252718447,0.0009153626112945592,9.395213362405736e-05
130.63280000208948,1.5903038328397856e-05,0.0008605075909138802,0.00045184136209330805,0.0007125526902275621,0.0009282464283912621,9.527471151569827e-05
130.6428000020898,1.4500032556546677e-05,0.0007853017947749512,0.00041236992550484794,0.0006499945430784469,0.0008466694509310532,8.690182019182165e-05
130.65280000209015,1.3082904028608967e-05,0.0007091478618298354,0.0003723876803846716,0.0005867167849422875,0.0007641770007281907,7.843492783370841e-05
130.66280000209048,1.2819515707376753e-05,0.0006954357727899503,0.000365253340212576,0.0005751958016794586,0.0007491017597648761,7.688773759921193e-05
130.6728000020908,1.1336705253366414e-05,0.0006154782885154188,0.00032325169714860863,0.000508852986941912,0.0006626466353471353,6.801406583261633e-05
130.68280000209114,1.2076325268249844e-05,0.0006561434797187653,0.0003447197204908001,0.0005423618093693027,0.0007062158844233732,7.248615864422464e-05
130.69280000209147,1.1085034440479475e-05,0.0006027625549445111,0.0003166908873510896,0.0004980508417636484,0.0006484624655810939,6.655842122017188e-05
130.7028000020918,1.0025289408430612e-05,0.0005455503195399431,0.00028663852304479587,0.00045061008002622815,0.0005866472811381522,6.021375891740219e-05
130.71280000209214,9.42421601080953e-06,0.0005132111224842018,0.0002696705776498668,0.00042376511623554885,0.0005516541546573994,5.6622120390577344e-05
130.72280000209247,8.837646604936588e-06,0.0004815994744129819,0.0002530800653843283,0.0003975425119006383,0.0005174786631168415,5.311439157706667e-05
130.7328000020928,8.074315973446388e-06,0.0004402915108388675,0.0002313810655921522,0.0003633305034084696,0.0004729117312293672,4.854006013194372e-05
130.74280000209313,7.879627682900629e-06,0.00042994910657565,0.00022597676715003934,0.0003547096602032612,0.0004616572886038503,4.738495596518448e-05
130.7528000020935,7.661757003441364e-06,0.00041832963300307666,0.00021989723008762477,0.0003450365193969595,0.0004490349798023958,4.608944845924591e-05
130.7628000020938,6.965098687830901e-06,0.0003805296409879086,0.00020003294205658557,0.0003137646586888963,0.0004083101142768578,4.190944437621446e-05
130.77280000209413,6.573738164075369e-06,0.0003593641689238147,0.00018892175181090448,0.0002962359410779953,0.00038547390793200085,3.956555159707231e-05
130.78280000209446,5.930282064209304e-06,0.0003243728168238817,0.00017052879866069574,0.00026731628479842787,0.0003478215165636338,3.570089129394422e-05
130.7928000020948,5.817516118154324e-06,0.0003183770109815523,0.00016739746980180546,0.00026232235833818687,0.0003413024490536187,3.503180429269101e-05
130.80280000209513,5.656076018815197e-06,0.00030971316706902504,0.0001628597707725503,0.00025512855368927675,0.00033192193735277477,3.40690115961222e-05
130.81280000209546,5.140698661858647e-06,0.0002816433772164541,0.00014810304372144876,0.00023194579640598527,0.0003017438737220321,3.0971511918545435e-05
130.8228000020958,4.838670456020292e-06,0.0002652313921240874,0.00013948166956952393,0.00021838147664285804,0.00028408173594100876,2.915866629895964e-05
130.83280000209612,4.571245240782844e-06,0.00025069737221156563,0.00013184722790342694,0.00020637064465795087,0.0002684426280521967,2.7553464769723987e-05
130.84280000209645,4.124636889454215e-06,0.00022631123649196719,0.00011902346292829531,0.0001862528788812495,0.00024226169656231178,2.4866221812875348e-05
130.8528000020968,4.04284017077121e-06,0.00022192462581264004,0.00011672853295202382,0.00018261161401707764,0.00023751302159693189,2.4378831395324577e-05
130.86280000209712,3.8036630833796814e-06,0.00020889034305585219,0.0001098789443942768,0.00017185238922637333,0.00022350787435494897,2.2941332581740796e-05
130.87280000209745,3.7130356910306285e-06,0.00020400445572442877,0.00010731874806096246,0.00016780386997639125,0.00021823136283385437,2.2399760101285302e-05
130.88280000209778,3.3347886757690305e-06,0.0001833025563079636,9.642909917743907e-05,0.00015074278166010493,0.00019603409303417692,2.0121395456654134e-05
130.8928000020981,3.184572146711107e-06,0.0001751183658177741,9.212977321884781e-05,0.0001439876289443255,0.0001872406358123833,1.921882956575503e-05
130.90280000209845,2.9643425278541657e-06,0.00016307306862346833,8.579617744544194e-05,0.00013405963898431,0.0001743227347043596,1.789291742262707e-05
130.91280000209878,2.7931865247867196e-06,0.00015371674981193298,8.087768069150356e-05,0.00012634700574571205,0.0001642867105641114,1.686280679516826e-05
130.9228000020991,2.655770887017767e-06,0.00014621015167618094,7.693246655089392e-05,0.00012015776438968718,0.00015623231947987516,1.6036094888738618e-05
130.93280000209944,2.3889644931742484e-06,0.0001315686731513127,6.922894143328493e-05,0.00010810589407103022,0.00014055680720030615,1.4427127034584401e-05
130.94280000209977,2.419120010792205e-06,0.0001332765968587215,7.01350253099764e-05,0.00010949649381375808,0.00014235891926846984,1.46121122964852e-05
130.9528000021001,2.2068060896211294e-06,0.0001216224664691922,6.400342470718301e-05,9.990500926759041e-05,0.0001298838865053071,1.3331648055366289e-05
130.96280000210044,2.06039619707135e-06,0.0001135914449148504,5.977927969563211e-05,9.329419917867107e-05,0.00012128489814112207,1.2449030918468553e-05
130.97280000210077,1.955392143210792e-06,0.00010783741908825466,5.6753831833903655e-05,8.85562822887405e-05,0.00011512133320164179,1.181639196723352e-05
130.9828000021011,1.6534048200692414e-06,9.12107437406575e-05,4.800134490394591e-05,7.48890250935223e-05,9.735125361165698e-05,9.99242205626028e-06
130.99280000210143,1.897334103675047e-06,0.00010469870541609761,5.510956451868661e-05,8.595955744913685e-05,0.00011173792546917821,1.1469123339918213e-05
131.00280000210176,1.4725313895871365e-06,8.128153460917871e-05,4.277955078614938e-05,6.671966405009406e-05,8.672579682454006e-05,8.901803389795762e-06
131.0128000021021,1.6798087307283822e-06,9.274966498228366e-05,4.882346983896999e-05,7.612968314421142e-05,9.89537755729717e-05,1.0156929591167086e-05
131.02280000210243,1.3031138240513057e-06,7.197090954957211e-05,3.78821102689122e-05,5.906266235378633e-05,7.676797802292254e-05,7.879710268972825e-06
131.03280000210276,1.488459932925535e-06,8.222965556168034e-05,4.3288620312897276e-05,6.747862542436416e-05,8.770376978161785e-05,9.002202105848472e-06
131.0428000021031,1.27869454490057e-06,7.066084315443862e-05,3.7197659137996716e-05,5.7976250822207766e-05,7.535113579602599e-05,7.73429004468659e-06
131.05280000210342,1.1891785810020124e-06,6.573095690674187e-05,3.4603325277235174e-05,5.392517953984482e-05,7.00840441966366e-05,7.193661489560531e-06
131.06280000210376,1.1275529603429489e-06,6.23400419642907e-05,3.281939232913017e-05,5.113798443292326e-05,6.645983198934963e-05,6.8216632909138044e-06
131.0728000021041,1.0695092881924344e-06,5.914508657030994e-05,3.1138464006357465e-05,4.8512252348269667e-05,6.304570642007152e-05,6.471228679708081e-06
131.08280000210442,9.992806186564545e-07,5.527419045917723e-05,2.91012771637792e-05,4.533260214353844e-05,5.891198565117921e-05,6.046931787173196e-06
131.09280000210475,1.598129531555431e-05,0.0008862908807048944,0.00046677874627496207,0.0007260696216529035,0.0009432927770000765,9.682331512220493e-05
131.10280000210508,7.247613074672838e-06,6.007597517793873e-05,0.0012107994427219791,0.0018818306793475248,0.0020390027589061712,0.00020279346219440896
131.11280000210542,4.528844742402559e-05,0.00038421131157259257,0.007538358194692334,0.011715413197631409,0.012696788426978169,0.0012628287150752483
131.12280000210575,8.626047908855769e-05,0.0007274410671255022,0.014361639939515076,0.022315558959686187,0.0241894337085106,0.002405912184999181
131.13280000210608,0.00012997847147726182,0.0010845948818296656,0.02164976737309607,0.03362904544278214,0.036465103018375085,0.003626923582332993
131.1428000021064,0.00017332160192571724,0.001424965809417652,0.02888752205427193,0.044850431446414284,0.04865575895271722,0.004839550572769765
131.15280000210674,0.0002238920318003319,0.0018044591369999637,0.03734992514520176,0.05795024355682652,0.06290713006273006,0.006257272567698592
131.16280000210708,0.00026678898555873137,0.002101823538686025,0.04455402679486769,0.06907455732077135,0.07503835913113285,0.007464203214706841
131.1728000021074,0.0002762558460901603,0.0015379810262924176,0.018036255943630747,0.027719438311281673,0.03338017038299967,0.0031292296681896567
131.18280000210774,0.000287296362069585,0.0014279261815400978,0.008069122639950384,0.011670522117339797,0.017279794063657355,0.0014401642659481492
131.19280000210807,0.0003168511845519333,0.0016493239477331503,0.008954659268528828,0.012380618286750262,0.01850529055165864,0.0015257780435548704
131.2028000021084,0.0003403062761625468,0.0018514688182665019,0.00970129660045503,0.012840235054621514,0.019376354322954346,0.0015817539079253234
131.21280000210874,0.0003853154043224034,0.0021976486613852495,0.011217668803917598,0.014258301525317664,0.02162619323627605,0.0017529838772716135
131.22280000210907,0.0004285747549744518,0.0025707735935675676,0.01285911405616915,0.015745010837236652,0.023918783288926895,0.0019296781080633699
131.2328000021094,0.0004214771496152788,0.002659595205854647,0.012788147878242853,0.014944272748637405,0.0229871884019157,0.0018355234810239125
131.24280000210973,0.0005137464900441176,0.003439185074476225,0.015904387307841567,0.017674616057393445,0.027501694375837236,0.0021760319945393464
131.25280000211006,0.000507321155987502,0.003613300522626707,0.01645207709241091,0.017751123065529572,0.027469148557335697,0.0021730422328698675
131.2628000021104,0.000552224761579443,0.004225025084089264,0.01837829069156342,0.018771840489869518,0.029414079576232183,0.00230485646239613
131.27280000211073,0.0005688342205042526,0.004658557357314802,0.019815038664015214,0.019657542594029652,0.030654330271470832,0.0024014200560299884
131.28280000211106,0.0005915313885065029,0.0052726695429097985,0.021353048096882946,0.020014838390610527,0.031551302468815885,0.0024503532959001405
131.2928000021114,0.0006563782551833975,0.006345362966561858,0.02486265076900969,0.022487366987279517,0.03536468940207948,0.0027427717809544675
131.30280000211172,0.0006640393617720867,0.00703618454684311,0.02642828679942961,0.022863516024589206,0.03600542272341793,0.002781697337779248
131.31280000211206,0.0006886352889734879,0.008019388005696945,0.02886977753750682,0.023934442778495015,0.03769013343280016,0.00290281722848954
131.3228000021124,0.000708425298150893,0.009115999109283842,0.031378915384640216,0.02490102253916634,0.039200960403454124,0.0030094033136975375
131.33280000211272,0.0007328870039528551,0.010463118671080974,0.03440389950916889,0.026148003953185957,0.041109613852900746,0.0031467005935985545
131.34280000211305,0.0007493207645518332,0.011765089691735524,0.03722513025477554,0.02743022214644963,0.0428702456432566,0.0032797874126902125
131.35280000211338,0.0007488795435270343,0.013674157739073071,0.040329501837878055,0.02748133001888535,0.04328186384726744,0.003280434606796701
131.36280000211372,0.0007856263179611003,0.015668783603727983,0.04476955937468772,0.030032172798141462,0.04672890398576159,0.003551071781907708
131.37280000211405,0.0008275174242267289,0.018209199956166232,0.05010277022308806,0.03278247296349663,0.050548657879566146,0.003843268419206908
131.38280000211438,0.0007770280160145354,0.020186620354102253,0.05194376727872502,0.031634353899061066,0.04881490050351349,0.003683343806669243
131.3928000021147,0.0008473903579262292,0.0238119937728451,0.05962009379273767,0.03609913370882943,0.054935027373850004,0.004159626532733341
131.40280000211504,0.0007352012912843876,0.02300460461649525,0.05549893094530565,0.032733094316456456,0.049353300038342415,0.0037315540789555454
131.41280000211538,0.0008947330131691221,0.03411557738746545,0.07652866506474497,0.04172068233961152,0.06274778259159156,0.004711530574950907
131.4228000021157,0.000805388330084401,0.034515421654268984,0.07462181786865324,0.039957164498449355,0.05924482335366136,0.0044505585365349435
131.43280000211604,0.0008035545039084342,0.03842688060178276,0.0802495570009788,0.0422240334797357,0.06181584667720237,0.004645740845654865
131.44280000211637,0.0007705061441501331,0.04508004168317886,0.08869608852605683,0.0440230678025586,0.06374842938376993,0.004765472386043203
131.4528000021167,0.0007538643210634412,0.04986899883689693,0.09476797340068183,0.04630286631466603,0.0660839230362607,0.004941801317625389
131.46280000211704,0.0007370787858019436,0.05692058621344632,0.10381412467472133,0.049387287064133964,0.06946773580640957,0.005188144002885473
131.47280000211737,0.0006952980056621926,0.06348349864487272,0.11113573081076743,0.05149937458657196,0.07131787470628062,0.005317816634542272
131.4828000021177,0.0006755230290167377,0.06965819786970164,0.1184007091051886,0.054422667479884085,0.07425861082641606,0.005540517285397928
131.49280000211803,0.0005829490783594712,0.07858185385518733,0.12671042745657918,0.05565315668566386,0.07449206124332544,0.005531472295634458
131.50280000211836,0.0005951178844175832,0.08997183305846247,0.14139683679746204,0.06208944738139714,0.08190183604851653,0.006090926363266312
131.5128000021187,0.0004732394460577317,0.09257000190298961,0.13966864826151057,0.059796138179911786,0.07733923332376713,0.005735342727711704
131.52280000211903,0.0004517996584949128,0.11564706811007903,0.16755254528002464,0.07012239327963965,0.08895072539608846,0.006584182261740138
131.53280000211936,0.00038863656776453524,0.12276511519588723,0.1728385583087124,0.07213985675500743,0.08997398235071169,0.006660834457785135
131.5428000021197,0.0002986002349345341,0.1352009771510182,0.1835084618466048,0.07545237531547123,0.09220824080839195,0.006813793346364963
131.55280000212002,0.0002669711022226657,0.14305135670139804,0.1903156810809749,0.07887561028193794,0.09519103386313069,0.007043170058595104
131.56280000212035,0.00013822414419760833,0.17397928281339411,0.22102033367304993,0.08921590026724026,0.10491650599975648,0.007733135064502254
131.5728000021207,3.959511164979117e-05,0.18209790744341586,0.22090693917489504,0.08723651005009062,0.09962674037605321,0.00731198049635014
131.58280000212102,7.0903611035221585e-06,0.203550014467764,0.24558872296004655,0.09986948110535182,0.1139185360551978,0.00839854336348347
131.59280000212135,0.00019579563331584385,0.21108254187647874,0.24260937727512022,0.09644751416873232,0.1065579139094536,0.007816370206493523
131.60280000212168,0.0006534752405944846,0.19618517555800558,0.20211771540799037,0.07451339922166766,0.07660533311166721,0.005630724959355261
131.612800002122,0.0009686588858659771,0.16299322699374363,0.1458515572422441,0.0477540429665163,0.0427240140668979,0.003129914324494017
131.62280000212235,0.001066433247679272,0.17185446699953835,0.14688559095696618,0.0476418895183705,0.04076405302791466,0.0029627189259832146
131.63280000212268,0.0010079982188141243,0.16809060563617398,0.1412165982573904,0.047376245142098275,0.04073209580954551,0.0029646194834623925
131.642800002123,0.0011745409882257356,0.19331635004578537,0.155801931997321,0.05226767048973135,0.043466503304968186,0.003143252632447321
131.65280000212334,0.001165046082920446,0.19186095394373584,0.1492986299824704,0.05096205686631495,0.04148894103197737,0.0029874162186897747
131.66280000212367,0.0011430091884520278,0.18907752206983963,0.1422299267752069,0.04950842170217299,0.0395600174505225,0.0028372347820764935
131.672800002124,0.001048844448616334,0.19509051078285172,0.1492124505658155,0.05532289304225112,0.04704549670287285,0.0034157804265426486
131.68280000212434,0.0011503317463568523,0.20881474222821664,0.15207150871889336,0.05661749201686616,0.04636243406397897,0.003337799859202313
131.69280000212467,0.0011037078172669722,0.20582330943054183,0.1460995552890229,0.05596907865985196,0.04574251861161624,0.003289391366157221
131.702800002125,0.001089922949629557,0.2095519069414296,0.1450314052838544,0.057124210639908427,0.0466587499494709,0.003351243309588357
131.7128000021253,0.0010730518085985087,0.21246653945569377,0.14310495212270918,0.05795729523516677,0.04724980957028227,0.003387793338379538
131.72280000212567,0.0010542425366123758,0.21620075663914282,0.14189851549324128,0.05919805212960671,0.048323142115037375,0.0034606537841272004
131.732800002126,0.0009733778664201262,0.21488789788970292,0.14052911086007489,0.060874803303551224,0.0509866329978124,0.00366730497514547
131.74280000212633,0.0010252103644051193,0.22865299786743937,0.14292521501579564,0.0634226681001488,0.05223150187025084,0.0037341916437737795
131.75280000212666,0.0009665282169311569,0.2141109358808448,0.12599013897761668,0.05765788957099107,0.04611491568740342,0.003266622982438305
131.762800002127,0.0009199420993195174,0.21447618047112454,0.12293082804388153,0.05837742310333415,0.04707915146424426,0.0033331689246451127
131.77280000212733,0.0008641488655410995,0.23117230643747325,0.1366065764164055,0.06721839371087077,0.057314699441435295,0.004104750368935389
131.78280000212766,0.0008307592574729544,0.21690978857455603,0.11737699405916273,0.060262862244743094,0.049408143464655004,0.003491939421342279
131.792800002128,0.0007587905696018151,0.2304907357895743,0.1293931456455078,0.06842135101689319,0.05920208709853082,0.004232803815025367
131.80280000212832,0.0007203916459253668,0.21471892899269204,0.10880704892107694,0.060915626719142635,0.05077849458538972,0.0035797119581241726
131.81280000212865,0.000621267084901396,0.23014337786270825,0.12653919975915293,0.07160783544709835,0.06405653635403842,0.0045941384825565965
131.822800002129,0.0006180389415016829,0.21172273478648954,0.09698428382818462,0.060442627763043315,0.05066201543454611,0.0035454153116610456
131.83280000212932,0.0005260011710289159,0.21895515794976625,0.10537076012745514,0.06679355022828037,0.05892432734807272,0.004174063659734183
131.84280000212965,0.00045193654854364383,0.22571715441246462,0.11046488942527773,0.071807513171773,0.06526919676461021,0.004648872150956185
131.85280000212998,0.0003860046619950177,0.2040100532850724,0.08713952226625184,0.0629899934719926,0.056030979324763204,0.003938424365935796
131.8628000021303,0.00026572856364887336,0.1935922291437813,0.09284687094503064,0.06501817493979908,0.06091119245390931,0.004347516494351752
131.87280000213065,0.00027200379578474923,0.2270529215327773,0.09243876362307725,0.07355949277759512,0.06794957285140651,0.0047881479106488415
131.88280000213098,0.00015909889085622775,0.2143002578674652,0.09220605373526837,0.07353106456217338,0.07020063800940898,0.004986016874591725
131.8928000021313,7.936097677642905e-05,0.1996374848589715,0.07776334458596386,0.0689724983760973,0.06611433674459308,0.0046694134933231045
131.90280000213164,3.577144328638409e-06,0.18063087693296787,0.056964223976391754,0.062016686870504406,0.05927302976149969,0.004136637335960838
131.91280000213197,8.385102253205952e-05,0.20272758759485257,0.08213429700299799,0.0757694927241364,0.07588817068749741,0.005399858805926863
131.9228000021323,0.00017456682513642606,0.1702703286482685,0.047660682209470125,0.06260945645616875,0.06224123486006809,0.004347017399003429
131.93280000213264,0.00024887243308606525,0.18508619038870525,0.0656418372772344,0.0727769980617141,0.07479372941113142,0.00530053173210487
131.94280000213297,0.00034123939412182943,0.18278472084623615,0.060828590976894,0.07410919407080005,0.07735230936359538,0.005476302953988381
131.9528000021333,0.000442365848197794,0.16199773507182397,0.04028785210028514,0.06746207558852546,0.07133898660777256,0.00500671508912702
131.96280000213363,0.0005172510492935992,0.15983117188483711,0.04221028685288301,0.06980421285347724,0.07525658381005969,0.0053038674383159646
131.97280000213397,0.0005844156118005807,0.15586832697205777,0.042621169283651276,0.0711356218157695,0.07795737142766394,0.00550915926657543
131.9828000021343,0.0006870294988380137,0.13694390062435088,0.024959063719887046,0.06576008922395124,0.07350314641342526,0.0051584603934629394
131.99280000213463,0.0008026866754473871,0.12922448848949034,0.01662523233149959,0.06583551591132313,0.07521085756074507,0.005268676369184256
132.00280000213496,0.0008663421824287641,0.13116392535523835,0.022783846026352965,0.06998614578214905,0.08102491594570414,0.00570825784547266
132.0128000021353,0.0009282811429823178,0.14397610094465246,0.03722684401456443,0.078799915869432,0.09181901465102911,0.006518282132621473
132.02280000213565,0.0010302600338536827,0.10156209175039922,0.0023728328176991506,0.06361130066951187,0.07692121669938123,0.005388498230441034
132.03280000213596,0.001162878644986779,0.10980250691085038,0.007908571865247764,0.07167532406558676,0.08766895220068814,0.0061738909238197625
132.0428000021363,0.0012097697002383114,0.09737728499658131,0.003053460687084341,0.06924213701291645,0.08615817631250847,0.006065447511434966
132.05280000213662,0.0012933623513013204,0.08854765652180058,0.0015562830187634445,0.06905786984040484,0.08747640780578798,0.006157702739032303
132.06280000213695,0.0013671132585047349,0.06666801065994024,0.015938522171812436,0.06299563830192437,0.08235204300609338,0.0057703425066549345
132.07280000213728,0.0014657854375256312,0.08425025137477016,0.00016451076478028016,0.0749157560976647,0.09694985625426353,0.0068515770185180016
132.08280000213762,0.001536618676808723,0.06195423885662079,0.014092267755039111,0.06875725161465573,0.09171969476430843,0.006456721944020432
132.09280000213795,0.0016024880076346002,0.03954531255205153,0.02800861952898389,0.06250404668970264,0.08634568186152305,0.006052002248968142
132.10280000213828,0.0016723367963261413,0.04378611029058012,0.021029706892189352,0.06804924157776007,0.0937086153103026,0.006597052325618787
132.1128000021386,0.0017953360486722034,0.04828055413343427,0.015673836289624533,0.07516838636991835,0.10351197785684944,0.007314522832518314
132.12280000213894,0.0018288485800593461,0.011561890230033556,0.039117841367726884,0.062038709763889,0.09035596804620687,0.0063347587217258815
132.13280000213928,0.0017780986853157795,0.04325283521982771,0.007758448893823451,0.07613280818856406,0.10503804146071219,0.007442388969086542
132.1428000021396,0.0019691261598202567,0.0020715852002312716,0.039007791642374376,0.06559008223436877,0.09699087235821777,0.006817850587390352
132.15280000213994,0.0022332659840182626,0.008738059293647543,0.047210694165907965,0.07080910347614197,0.10699754423547446,0.0075290187614613
132.16280000214027,0.0021222116306384726,0.0107618284405719,0.04032325175900359,0.06858697507000266,0.10332794279300829,0.007278069285320115
132.1728000021406,0.0017970872921192933,0.12464103444077211,0.11297344615649824,0.013142937357459878,0.04290390121281061,0.002961898951413018
132.18280000214094,0.0012100610840499405,0.370242572611871,0.2786336510236852,0.10576357892337986,0.08663083200328955,0.006352208929456973
132.19280000214127,0.0010740246708731483,0.3519376240639325,0.25867577089661214,0.10091956641443958,0.0836606695103406,0.006108934381324719
132.2028000021416,0.0009743169469276526,0.3563995670617141,0.25664592318934404,0.10469223909189444,0.08910550943252374,0.006488629546740726
132.21280000214193,0.0008416337943625477,0.34446965748105307,0.24311531837958938,0.10303808733032432,0.08966898346607502,0.00651482480367376
132.22280000214226,0.000781212473818257,0.37129950174023857,0.25823196994936837,0.11486633728651055,0.10263033324653326,0.007437015189399861
132.2328000021426,0.0006211011680657394,0.3619207296271474,0.24749120808468508,0.11579300994786998,0.10669380163332759,0.007731127610922933
132.24280000214293,0.0005451852081787924,0.34986679213106076,0.2353582399185304,0.1120719070428269,0.10363379468405697,0.007467228625434279
132.25280000214326,0.00040991311287028596,0.35222868096121196,0.2340884223754259,0.11724292530982668,0.1116339952253966,0.008047302162771547
132.2628000021436,0.0002886965712675861,0.31126593757443327,0.20339185940638874,0.10442497803919647,0.1006892479669285,0.007242688150969553
132.27280000214392,0.00017321309391389996,0.34796563250814794,0.2266684671503343,0.12300433023278942,0.12209053227199357,0.008792709908844797
132.28280000214426,7.972516670334193e-05,0.3712033268357542,0.23979401500018105,0.13437759013030112,0.1350107704785101,0.009684402985732754
132.2928000021446,4.195620949391578e-05,0.3209040233297111,0.20460118057775256,0.11882436106041373,0.12167797308185095,0.008730245420033075
132.30280000214492,0.00015711219901672185,0.3369640297564086,0.21384438982649412,0.12876315403566027,0.13390785516418138,0.009591155204082397
132.31280000214525,0.00026056915313123555,0.3183325506588012,0.2005637650575076,0.12508620317588212,0.13222054490012347,0.009465323547541387
132.32280000214558,0.00034830405086554975,0.3001914238229732,0.1880031805378391,0.12116029545113756,0.12997853949868513,0.009300287335581477
132.33280000214592,0.0004766631621654737,0.31458972214906095,0.19675128206857403,0.13110797088424334,0.14254624264275303,0.010184309186286718
132.34280000214625,0.0005614841665214857,0.29361856728652913,0.18327916102930572,0.12664930466537225,0.1399890007467283,0.010016673363549384
132.35280000214658,0.0006369655137339738,0.285173008619563,0.17700609182160404,0.1253388071139225,0.13972486089879915,0.009956159870411683
132.3628000021469,0.0006968630794533441,0.26663234134361374,0.16527356739004734,0.12069807480681985,0.13631803061024292,0.00971406190689489
132.37280000214724,0.000841709630242829,0.2784329257229722,0.17366485178451882,0.13119921642927598,0.15023510101122403,0.010723854365970719
132.38280000214758,0.0008834572920708368,0.25907684353249805,0.16139552534370433,0.12529161430209135,0.1449877193600843,0.010334297616778938
132.3928000021479,0.0009160462349031452,0.24112392572079472,0.15021087098439476,0.11969320481458616,0.13990994355108888,0.009959956277698358
132.40280000214824,0.0010158752405416752,0.24163329222025573,0.15167532567074263,0.1243672718633953,0.1470068594456704,0.010483156180401425
132.41280000214857,0.001107520456535606,0.2395892065917697,0.1509216833139851,0.12688404939202363,0.15134575481901935,0.010773307843481444
132.4228000021489,0.0011283252528113254,0.2235745462550925,0.14183406409952815,0.12244893363785826,0.1475684697833852,0.010522094928345951
132.43280000214924,0.0011241939020596725,0.20511228080172678,0.1298055307704916,0.11433926979788474,0.13879457501676995,0.009844793297828173
132.44280000214957,0.001249531867466372,0.21222887438410143,0.13679821321090038,0.12373338043891592,0.1517155235142826,0.010826847121112189
132.4528000021499,0.0012424965171687792,0.19541384804766884,0.1259221350213271,0.11615121284792215,0.14346201756673296,0.010187083034299063
132.46280000215023,0.0012663166549883175,0.1865268062866745,0.12157041540328534,0.11458930454858837,0.14269747967958293,0.010151679242526036
132.47280000215056,0.0012721790361628676,0.17626318995666812,0.11618906935246175,0.11174229999765188,0.1402069430534401,0.009989834842780595
132.4828000021509,0.0013176511732214307,0.17134843536102184,0.11346128552614129,0.11098918987397624,0.14022693301853445,0.009954853907157347
132.49280000215123,0.0013101948397791722,0.16122194060711292,0.1081503498221881,0.10775143867787464,0.13710517587928303,0.009750871523305886
132.50280000215156,0.0013080579122491875,0.15261945728359017,0.10346749051000496,0.10478076012614701,0.1342187617615761,0.009545854967490313
132.5128000021519,0.0012956448936789866,0.14405891301262458,0.09905235428658718,0.10191421395319929,0.13136519937177935,0.00936077927796069
132.52280000215222,0.001314914134978645,0.1387505106883697,0.09589054090045812,0.09995862827220187,0.1297190447886961,0.009207905159958441
132.53280000215256,0.001270218342002249,0.12870075240389026,0.0905934374186305,0.09581842549750813,0.12504385954256267,0.00891315136832095
132.5428000021529,0.001260136895170785,0.12210041113392069,0.08665840461134268,0.09272145826917313,0.12178137523875658,0.008663647179711364
132.55280000215322,0.001272789595242024,0.11798936417243762,0.08412664018816048,0.09089847643589219,0.1202533858131269,0.008520167263040546
132.56280000215355,0.0011900742151633981,0.10720923652369727,0.07857639333083322,0.08600735680343102,0.11421540324788265,0.008165230124083253
132.57280000215388,0.0011866340052196032,0.10254304577467889,0.07508120928080912,0.08274619365383211,0.11079795222886503,0.007867856559599472
132.58280000215422,0.0011286892812872773,0.09470283685538596,0.07049288556265496,0.07837821481311935,0.10553169066768348,0.007516248886391677
132.59280000215455,0.0010927140124761569,0.08897039561603104,0.06696021795032962,0.07496611486201324,0.10161730839813778,0.007237873446221781
132.60280000215488,0.0010020740515064926,0.0813157550592347,0.07365790218229586,0.08621518325983506,0.113817426845554,0.008696326176384826
132.6128000021552,0.000860070053337144,0.0751310467026577,0.11472469923220688,0.14545701760604318,0.18016509420167004,0.015667720115040897
132.62280000215554,0.0008469433253321044,0.07199043478760063,0.10894385871737912,0.1382313332077848,0.17165077961651884,0.014867350215361138
132.63280000215588,0.0006715541662008946,0.055704554756675635,0.08312126224320421,0.1054679622692241,0.13139612567281253,0.01132878791394328
132.6428000021562,0.0008435651387785709,0.06832046777838724,0.09911730398137043,0.1254565057874745,0.15710055792083055,0.013441721848213637
132.65280000215654,0.0006714510437081251,0.052912257979144166,0.07412281895885696,0.09354722749258038,0.11797673746341472,0.010000535099102878
132.66280000215687,0.0006264752375722892,0.04813005154924137,0.06437148403275679,0.0808232192923248,0.10290920346435695,0.008618040948011127
132.6728000021572,0.0004185970872771997,0.03140722454931077,0.03841701727338754,0.04773977764893243,0.06152971304066283,0.005041880189386977
132.6828000021575,0.00013382785102612104,0.009793389664028228,0.008920087536288531,0.010735697575549399,0.013943685824627563,0.0010529992332866918
132.69280000215787,0.00012678863179838725,0.009175595757859329,0.008397736836493171,0.010132916437136144,0.013165594480317344,0.0009941149297784232
132.7028000021582,0.00012011645087353335,0.008599883234039946,0.007907800023761718,0.009565103587230523,0.012432177152434918,0.0009386172442560142
132.71280000215853,0.00010990675260191719,0.007787859691014681,0.00719331782214058,0.008721844556425664,0.011340177517056292,0.0008561229589974224
132.72280000215886,0.00010786561620029368,0.007567855542214368,0.007021746580637684,0.00853204884887762,0.011096629060922817,0.0008375830358720309
132.7328000021592,9.598875801401659e-05,0.006670445921920836,0.0062149550773286065,0.007568694017725368,0.009847035864272448,0.0007432611916274574
132.74280000215953,9.69697133599451e-05,0.006676731162726263,0.006247998310471375,0.007623360317088394,0.009920596407068424,0.0007486458631294851
132.75280000215986,0.00010026834065157898,0.00683784317798201,0.006428220942188686,0.00785850385808026,0.010229159515529983,0.0007717423782954731
132.7628000021602,8.627236435646789e-05,0.005827473302157475,0.005501653370993145,0.006740800058436806,0.008777275648973501,0.000662231821951926
132.77280000216052,8.19164365616903e-05,0.005485337031111118,0.0051998495925379895,0.006382849366280184,0.008313341062442399,0.0006271629537117361
132.78280000216083,7.427801144511552e-05,0.004932722985349663,0.004694019520504451,0.0057725248909324,0.007520440943297933,0.0005673290479412701
132.7928000021612,7.315015222860699e-05,0.004819536199881287,0.00460401947051597,0.005670892770666684,0.007389605794020109,0.0005573742981658091
132.80280000216152,6.914723630443574e-05,0.004519717914058355,0.0043341518978545325,0.005347368788861768,0.00696964684942297,0.0005256512769314391
132.81280000216185,6.535140710241594e-05,0.004238790349269853,0.00407998260140849,0.005041836972654404,0.006572888289315032,0.0004956850747643044
132.82280000216218,6.405974979375138e-05,0.004123752427981274,0.0039841471401021525,0.004930803774811489,0.006429432621894586,0.00048480309494504983
132.83280000216251,5.599408276916561e-05,0.0035779418657009548,0.003469007908372896,0.004300250269561075,0.005608590773666635,0.00042291719000586676
132.84280000216285,5.714842349761515e-05,0.003626635851712533,0.003528660618856898,0.004379818787571187,0.0057132966084397566,0.00043073718725100945
132.85280000216318,4.997728143249149e-05,0.003149762852108783,0.00307488152892794,0.003822287606029988,0.004987123866207315,0.0003759969965870769
132.8628000021635,4.6223872707103314e-05,0.0028951241564841804,0.002835075427837208,0.003528665410482111,0.004604841613711695,0.00034715944818555815
132.87280000216384,4.661496875075666e-05,0.0029017668681929295,0.002850666811465935,0.0035520690906736823,0.0046360471001286015,0.00034946053289725937
132.88280000216417,4.668060567912613e-05,0.0028875205199114452,0.0028460120709693114,0.003550444399352198,0.004634635860980743,0.00034930828720613376
132.8928000021645,3.893250908257671e-05,0.002393488418806514,0.0023661374423045944,0.0029557938297625386,0.0038591924651559433,0.0002908840526073728
132.90280000216484,3.6930618371420835e-05,0.002258002109919233,0.002238528867603748,0.0027993325778977595,0.003655433352278265,0.000275506819315926
132.91280000216517,4.1589795899028186e-05,0.0025283910358517756,0.0025144902858323212,0.003147281748193295,0.004110203888034688,0.00030970922872141504
132.9228000021655,3.588201300365622e-05,0.0021683515957449753,0.002162947808269577,0.002710649969532243,0.0035406309743558706,0.00026679735925847175
132.93280000216583,3.182945718736081e-05,0.0019130937978029182,0.0019135905946906604,0.002400780738171607,0.003136378070540837,0.00023633637984434754
132.94280000216617,3.103308110856444e-05,0.0018558962642202237,0.0018613411117083347,0.0023373610540031366,0.003053892926720814,0.00023010100209769482
132.9528000021665,3.0279711020568048e-05,0.001801734973209814,0.0018118918615717939,0.0022773493623785596,0.002975843589515309,0.0002242015571750093
132.96280000216683,2.7584168144386488e-05,0.001633206621038214,0.0016466876708448445,0.002071702107538058,0.0027074879292014894,0.00020397919700120178
132.97280000216716,2.5159315971177392e-05,0.001482700418472171,0.001498612433992191,0.0018871035932231475,0.002466547977337151,0.00018582317100828555
132.9828000021675,2.4615804714179245e-05,0.001444267847952565,0.0014632739785916484,0.0018440450149907557,0.00241051339261621,0.00018158733418292475
132.99280000216783,2.3212549935551396e-05,0.0013558780600026563,0.0013770128923977943,0.001736758762357517,0.002270521814351105,0.00017103352996995246
133.00280000216816,2.2553316300866886e-05,0.0013116730462089375,0.0013352670594157694,0.00168539882674683,0.002203599480037987,0.00016598107101883057
133.0128000021685,2.068111174717123e-05,0.0011976588016356354,0.0012219959533561568,0.001543662378950537,0.002018508316768113,0.0001520360652706336
133.02280000216882,1.9376426780605e-05,0.001117597467793493,0.001142797759042627,0.0014446741794075144,0.001889257843360071,0.00014229540675552864
133.03280000216915,1.8320925893727872e-05,0.001052554941562725,0.0010786100859910793,0.001364495799806676,0.0017845749735370623,0.00013440506167484024
133.04280000216949,1.728544193520456e-05,0.0009893224483224496,0.001015909463689598,0.0012860442550280593,0.0016821236749966248,0.00012668388319223562
133.05280000216982,1.6238402668446034e-05,0.0009259868349423822,0.0009527896835964516,0.001206932917568804,0.00157878711690442,0.00011889711845660983
133.06280000217015,1.5440779253685845e-05,0.0008773864020603776,0.0009045520717653642,0.0011465416939119267,0.0014999136940808788,0.00011295242388154904
133.07280000217048,1.4501474187830795e-05,0.000821158794211675,0.0008482057133782728,0.0010757821108482754,0.0014074618391571832,0.00010598667362980822
133.0828000021708,1.3728360669892298e-05,0.0007747858339869643,0.0008017913523829098,0.0010175089698097578,0.0013313260183033004,0.00010024965406814866
133.09280000217117,1.2948787710503833e-05,0.0007284089682918572,0.0007551664078977496,0.0009588858702745394,0.0012547180412635103,9.447778375768619e-05
133.10280000217148,1.201732579581412e-05,0.0006738688257705089,0.000699853921737354,0.0008891515064896612,0.0011635580360513235,8.761151563868144e-05
133.1128000021718,1.1505439837036219e-05,0.0006431962828126452,0.0006691466322024059,0.0008505802893067275,0.00111315916591523,8.38132724800737e-05
133.12280000217214,1.0761009725217653e-05,0.0005997903810797695,0.0006250296909436927,0.0007949134398369927,0.0010403800414226737,7.833141074557841e-05
133.13280000217247,1.0261589663304913e-05,0.0005703106339113921,0.000595274562782119,0.0007574402561376082,0.0009913990230582303,7.46409063140442e-05
133.1428000021728,9.606909643804655e-06,0.0005324415417349004,0.0005566177863597051,0.0007085926734558349,0.0009275229543366956,6.983000770449617e-05
133.15280000217314,9.020387493485956e-06,0.0004985719276564988,0.0005220135885656324,0.0006648509148926528,0.0008703207067330253,6.552171457683656e-05
133.16280000217347,8.595016843430996e-06,0.0004738098377274124,0.0004968307544371941,0.0006330572326521957,0.0008287495065536929,6.239002725731132e-05
133.1728000021738,8.038297570400276e-06,0.00044198406812244863,0.0004641324196179194,0.0005916526154808074,0.0007745911403104119,5.8311544088660835e-05
133.18280000217413,7.520292102924888e-06,0.00041248110176394343,0.0004337586847920829,0.0005531660651152372,0.00072424515285717,5.4520267272913735e-05
133.1928000021745,7.193468896740274e-06,0.0003936072397258518,0.0004144815311069656,0.0005287919813224879,0.0006923687214428629,5.2119015884241087e-05
133.2028000021748,6.728022335582104e-06,0.00036727929056267416,0.00038727287187412945,0.000494274703989693,0.0006472079203822391,4.871846507875665e-05
133.21280000217513,6.295343470037252e-06,0.0003428874318544006,0.00036201776020510895,0.00046221662941183536,0.0006052612410348338,4.556001506844235e-05
133.22280000217546,5.978237688342306e-06,0.0003249039590034921,0.00034346253569790243,0.0004386837800364121,0.000574472703919775,4.3241350037671254e-05
133.2328000021758,5.632461646880316e-06,0.0003054602103525403,0.000323303520134949,0.00041308184013905054,0.0005409712422765559,4.071876272907084e-05
133.24280000217612,5.347681863859423e-06,0.0002894174460308159,0.0003066887320275284,0.00039198593098418766,0.0005133668413625104,3.8640061581622284e-05
133.25280000217646,5.000554159999366e-06,0.0002700872736650047,0.0002865360467013408,0.0003663508483670324,0.0004798149858658297,3.611404494414056e-05
133.2628000021768,4.540317070599332e-06,0.0002447636009509747,0.000259951863355494,0.00033247035098530817,0.0004354605735651904,3.277544359192233e-05
133.27280000217712,4.600904560931973e-06,0.00024756719922715455,0.0002632198070847936,0.0003367433590219695,0.00044107215153663543,3.319630966044235e-05
133.28280000217745,4.0455452752054975e-06,0.00021728009427516185,0.00023126140343288746,0.00029595578213697827,0.0003876656489520587,2.917693129467415e-05
133.29280000217778,4.08338203846151e-06,0.0002189285394479995,0.00023325769507962911,0.00029858821705998703,0.0003911262654614417,2.9436184966072685e-05
133.30280000217812,3.732660456254389e-06,0.00019977291474002775,0.00021306403891536478,0.0002728197406805369,0.0003573859529900827,2.689667232589115e-05
133.31280000217845,3.4860926320852483e-06,0.00018626294572901517,0.00019884922456580583,0.00025468849930759796,0.0003336467273667759,2.510971283708834e-05
133.32280000217878,3.188764568171695e-06,0.00017010501231779475,0.00018176685908522598,0.00023287151856429808,0.00030507704639542895,2.2959434819641296e-05
133.3328000021791,3.231561415503793e-06,0.00017212102467660133,0.00018409109223573394,0.00023590265110714725,0.00030905653238197893,2.3258053749246705e-05
133.34280000217944,2.8179161125196494e-06,0.0001498561700280959,0.00016042013115639468,0.00020562605714271521,0.0002694013971685963,2.027393900900396e-05
133.35280000217978,2.764806363652077e-06,0.00014682009337170182,0.0001573042552755324,0.00020167617573397788,0.0002642336880596764,1.9884512528287404e-05
133.3628000021801,2.60300677393113e-06,0.00013802816923216843,0.0001480098370240884,0.00018980405491499534,0.0002486865323419767,1.871426378648303e-05
133.37280000218044,2.5333786242830214e-06,0.00013414623124901985,0.0001439675246889062,0.00018466040163410427,0.00024195385238282024,1.8207204362255278e-05
133.38280000218077,2.294901113244701e-06,0.00012134919630645832,0.00013033901552379843,0.0001672187630911043,0.00021910759791845123,1.6487939536404534e-05
133.3928000021811,2.1621437675037323e-06,0.0001141805859538812,0.00012273317559585297,0.00015749345771611558,0.0002063700644701305,1.5529229282006585e-05
133.40280000218144,1.9917314213864815e-06,0.00010504941484146068,0.00011300086294638176,0.00014503453617248854,0.0001900498253009749,1.430103588281081e-05
133.41280000218177,1.9937430146808964e-06,0.00010502636175259008,0.00011305929977278189,0.00014513558098591924,0.00019018642032371804,1.4310933757704554e-05
133.4228000021821,1.8211168098625206e-06,9.58153848087309e-05,0.00010321763261451918,0.00013252842030142873,0.0001736706142305065,1.3068101941714177e-05
133.43280000218243,1.540916656061047e-06,8.098106623197554e-05,8.729387567147902e-05,0.0001121058365102578,0.0001469123116877683,1.1054774072717352e-05
133.44280000218276,1.7154781888830518e-06,9.005884333462778e-05,9.714364327026025e-05,0.00012477127194880283,0.0001635122552777874,1.2303294285064142e-05
133.4528000021831,1.5587501823085541e-06,8.173670492777238e-05,8.822631714842878e-05,0.00011333935910672237,0.00014853455453096772,1.1176268666255655e-05
133.46280000218343,1.4426854244896651e-06,7.556753554937853e-05,8.162008923435676e-05,0.00010487125253863797,0.00013744006693068044,1.0341405081850202e-05
133.47280000218376,1.344295061990958e-06,7.034171951786584e-05,7.602171646134415e-05,9.769400855433112e-05,0.00012803660168483148,9.633780662971696e-06
133.4828000021841,1.2596921880941679e-06,6.584827210218044e-05,7.120796993503498e-05,9.152252817239834e-05,0.00011995082769594253,9.025304664749084e-06
133.49280000218442,1.1962597435933754e-06,6.247218779065276e-05,6.759583645132023e-05,8.689286565862106e-05,0.00011388531123838271,8.568828419598472e-06
133.50280000218476,1.1171889177812765e-06,5.828781826063264e-05,6.310356568834501e-05,8.113025742529751e-05,0.00010633468031564249,8.000648828260114e-06
133.5128000021851,1.0574675327625897e-06,5.512220979473069e-05,5.9708443669494635e-05,7.677597870835444e-05,0.00010062949117063413,7.5713133985585525e-06
133.52280000218542,9.916390432719004e-07,5.164478473868873e-05,5.597129008431922e-05,7.198060190177876e-05,9.43459528558373e-05,7.098484333914564e-06
133.53280000218575,9.440676890000896e-07,4.912501820140166e-05,5.3267746004356417e-05,6.851280533487254e-05,8.980218834080205e-05,6.756546934189764e-06
133.54280000218608,8.791396643738669e-07,4.570843477415151e-05,4.958751038556071e-05,6.378766011556364e-05,8.361020735796421e-05,6.290632672976316e-06
133.55280000218642,7.533179101267147e-07,3.913597417813978e-05,4.2476576210916523e-05,5.464792123482668e-05,7.163159459361919e-05,5.389427335831605e-06
133.56280000218675,8.606272169813921e-07,4.467703038681829e-05,4.851371317031844e-05,6.242032296557891e-05,8.182022446998039e-05,6.155776803407173e-06
133.57280000218708,7.314430261472242e-07,3.7939980390390036e-05,4.121755563214177e-05,5.3040196193084985e-05,6.952617162062686e-05,5.230862106731127e-06
133.5828000021874,6.757533863972923e-07,3.502574401886871e-05,3.8068084372408876e-05,4.899302374833538e-05,6.422203611643967e-05,4.831778389212605e-06
133.59280000218774,6.771012190063023e-07,3.5071016075014465e-05,3.813352940484438e-05,4.908211474385464e-05,6.433959597756189e-05,4.840548450413014e-06
133.60280000218808,5.952377543928033e-07,3.0809156205064375e-05,3.351333172274949e-05,4.3140506015295675e-05,5.655191450009145e-05,4.254655765807213e-06
133.6128000021884,6.003247218451654e-07,3.105168041370928e-05,3.379091293008136e-05,4.350189443316381e-05,5.702629471631718e-05,4.290279209217822e-06
133.62280000218874,5.271598602908932e-07,2.7249038555705994e-05,2.9664449908030427e-05,3.819383414609053e-05,5.006876650783378e-05,3.766848565293564e-06
133.63280000218907,5.153138178116389e-07,2.6620451090720508e-05,2.899085886381773e-05,3.7329881152780164e-05,4.8936741082168885e-05,3.6816425664826598e-06
133.6428000021894,5.033416465963361e-07,2.5985749427134766e-05,2.8310329242222236e-05,3.645693813267671e-05,4.7792924611558764e-05,3.595553139239413e-06
133.65280000218974,4.383246221371738e-07,2.261528323982082e-05,2.4647219317908205e-05,3.174301887014414e-05,4.1613842590509195e-05,3.130697630083047e-06
133.66280000219007,4.4591221825252085e-07,2.29936584686052e-05,2.506833857093702e-05,3.228789741007994e-05,4.232855102564382e-05,3.1844213766702686e-06
133.6728000021904,4.0375352772125796e-07,2.0807704443475282e-05,2.2692929010422178e-05,2.9231101352412416e-05,3.832165069291838e-05,2.88297363904056e-06
133.68280000219073,3.8018235995533097e-07,1.9582255167898668e-05,2.136345027904878e-05,2.7520878432906565e-05,3.607995671398574e-05,2.7143141009293013e-06
133.69280000219106,3.550643341606746e-07,1.8278776090261613e-05,1.994775493900035e-05,2.569925616193529e-05,3.3692163727692145e-05,2.5346677407501107e-06
133.7028000021914,3.394227319868776e-07,1.7464603633309357e-05,1.9065126635300758e-05,2.4564022639955202e-05,3.220416761569012e-05,2.422709634895619e-06
133.71280000219173,3.160846794406398e-07,1.6255713287964537e-05,1.7750718667580457e-05,2.287225977617208e-05,2.9986516052416088e-05,2.255867597912549e-06
133.72280000219206,2.9885627895828375e-07,1.5362274960530306e-05,1.6779982709161885e-05,2.1623021945522246e-05,2.834897796836893e-05,2.132665474500213e-06
133.7328000021924,2.8268127308116264e-07,1.4524063911116998e-05,1.5868862079053276e-05,2.0450374403246686e-05,2.6811814978806647e-05,2.017016066799681e-06
133.74280000219272,2.5495795207870914e-07,1.3093693364333701e-05,1.4309921792804926e-05,1.844270214534133e-05,2.4179858448564753e-05,1.8190160804191777e-06
133.75280000219306,2.584043623671222e-07,1.3264951621567244e-05,1.4500937537532665e-05,1.868998835497507e-05,2.4504243522278322e-05,1.843399737977968e-06
133.7628000021934,2.348300815154647e-07,1.2049474277851627e-05,1.3175669956089557e-05,1.6983067517612577e-05,2.2266525314619234e-05,1.6750587018181947e-06
133.77280000219372,2.2195192267861065e-07,1.1383942592179505e-05,1.2451055961735944e-05,1.6050069230126945e-05,2.1043439841010708e-05,1.5830418083370435e-06
133.78280000219405,2.0031506000797742e-07,1.0270078670625351e-05,1.1235455117573528e-05,1.4484025271494426e-05,1.899034341000231e-05,1.4285917707844476e-06
133.79280000219438,2.030166112377254e-07,1.0404604771781877e-05,1.1385304742210601e-05,1.4677966645851432e-05,1.9244744275328814e-05,1.4477161906510753e-06
133.80280000219472,1.78427098507782e-07,9.14087271309059e-06,1.0004737207100781e-05,1.2898957162706663e-05,1.6912375351291075e-05,1.2722614970697674e-06
133.81280000219505,1.7409023203810758e-07,8.91547729458117e-06,9.76018518167761e-06,1.2584312455714976e-05,1.6499937628468725e-05,1.2412275047625453e-06
133.82280000219538,1.700489474897504e-07,8.705373392281333e-06,9.532269016208655e-06,1.229108870118096e-05,1.6115581697367677e-05,1.2123066463516824e-06
133.8328000021957,1.5391747124316252e-07,7.876731588139506e-06,8.626759581681465e-06,1.1124141490610629e-05,1.4585637911859365e-05,1.0972144631944236e-06
133.84280000219604,1.443752510829132e-07,7.3859381882352786e-06,8.090863582966695e-06,1.0433638107570045e-05,1.3680360662258555e-05,1.0291111930075467e-06
133.85280000219635,1.3639689877176497e-07,6.975494284122588e-06,7.64276094468567e-06,9.856270009871695e-06,1.2923409936205268e-05,9.721658458348141e-07
133.8628000021967,1.289512614139904e-07,6.592635493061391e-06,7.224656377169196e-06,9.317515057694698e-06,1.221707593258326e-05,9.190286319410176e-07
133.87280000219704,1.2043269417007607e-07,6.155234389764415e-06,6.746570428466852e-06,8.701343716589135e-06,1.1409224741318761e-05,8.582558809665731e-07
133.88280000219737,1.138558924557398e-07,5.817372202904091e-06,6.377394223200013e-06,8.225567423207982e-06,1.0785447190447256e-05,8.113297875948617e-07
133.8928000021977,1.0366004531770879e-07,5.29491719787383e-06,5.8056332398299304e-06,7.488445899557563e-06,9.818984317004832e-06,7.38627360401558e-07
133.90280000219803,1.0461175763225143e-07,5.342061640928686e-06,5.858316656362103e-06,7.5566832019514225e-06,9.908502835599534e-06,7.453565492381124e-07
133.91280000219837,9.504805964437675e-08,4.852323960009701e-06,5.3221454356364775e-06,6.865376468381981e-06,9.002097819429836e-06,6.771725720890744e-07
133.9228000021987,8.948069644521762e-08,4.566897485861938e-06,5.0098824493687925e-06,6.462825498387417e-06,8.474303688540383e-06,6.374681892458614e-07
133.93280000219903,8.456571069634062e-08,4.314941041707729e-06,4.734221359500809e-06,6.107453090009764e-06,8.008365261265448e-06,6.024169480994201e-07
133.94280000219936,7.892876563647061e-08,4.026309208068193e-06,4.41821110793511e-06,5.699996822228622e-06,7.474127381393537e-06,5.622285628352369e-07
133.9528000021997,7.46358249767892e-08,3.8064065763698834e-06,4.1775101567769226e-06,5.389658073815181e-06,7.067227750587066e-06,5.316188509598137e-07
133.96280000220003,6.794571780911792e-08,3.464416102184143e-06,3.8027020979930296e-06,4.906273129880847e-06,6.433416562297201e-06,4.839412094617697e-07
133.97280000220036,6.853493204710585e-08,3.493676368675912e-06,3.835349111674759e-06,4.948545350845243e-06,6.488870316402023e-06,4.881100753016466e-07
133.9828000022007,6.018561301503826e-08,3.0673678055051082e-06,3.3677982622183647e-06,4.345449903149063e-06,5.698078912670628e-06,4.2862493562094677e-07
133.99280000220102,5.8776897659802364e-08,2.9949528859072665e-06,3.2887069591242037e-06,4.243523675464531e-06,5.564445904463528e-06,4.1857119051193644e-07
134.00280000220135,5.5299935352960596e-08,2.817196765713306e-06,3.0939075973547404e-06,3.992293316067727e-06,5.235033834456434e-06,3.9379120532888406e-07
134.0128000022017,5.380529466447203e-08,2.7404974731095102e-06,3.0100479343185805e-06,3.884196520955257e-06,5.093306726393122e-06,3.8312893891510573e-07
134.02280000220202,4.72832335479004e-08,2.4078295047844672e-06,2.6449703624237e-06,3.413207385816831e-06,4.475723205324911e-06,3.3667324413157113e-07
134.03280000220235,4.786300216406434e-08,2.4368975401860214e-06,2.6772105198168376e-06,3.4548990358575693e-06,4.53040694812689e-06,3.4078515057001215e-07
134.04280000220268,4.3194807065220775e-08,2.1988095440143016e-06,2.415914562675523e-06,3.1177931766401844e-06,4.088376385720108e-06,3.0753472540258993e-07
134.052800002203,4.079745204333915e-08,2.0764011027019033e-06,2.281668010395385e-06,2.9446237283527403e-06,3.861311738151818e-06,2.90453980113686e-07
134.06280000220335,3.4828338027418246e-08,1.772306624793899e-06,1.9477023163128164e-06,2.5136932812119614e-06,3.2962417319133003e-06,2.4794892516921173e-07
134.07280000220368,3.9787032493388236e-08,2.0243105731100266e-06,2.2248763332123915e-06,2.871463151865735e-06,3.7653969575220385e-06,2.832373713783912e-07
134.082800002204,3.393629883328641e-08,1.726333310957519e-06,1.897570981571843e-06,2.449108967119953e-06,3.211569863394204e-06,2.415781854793477e-07
134.09280000220434,3.2262355873941806e-08,1.6409181357456307e-06,1.8038584280477597e-06,2.328213413927363e-06,3.053046090050666e-06,2.2965340756819872e-07
134.10280000220467,2.9019902579359743e-08,1.4757780690413376e-06,1.6224674126059507e-06,2.094145166516673e-06,2.746115197345357e-06,2.0656569799048288e-07
134.112800002205,2.5077519881225904e-08,1.275118119931356e-06,1.4019754268642064e-06,1.809594391510694e-06,2.3729828083283844e-06,1.784984858087301e-07
134.12280000220534,2.7019851510481262e-08,1.373698465947707e-06,1.510489365303847e-06,1.9496884550437974e-06,2.556697110944227e-06,1.9231666163326378e-07
134.13280000220567,2.6928924501692756e-08,1.3688787070356005e-06,1.5053228615552935e-06,1.943058629384272e-06,2.5480094280498745e-06,1.9166262627322044e-07
134.142800002206,2.6066528434997502e-08,1.324845882161521e-06,1.457031569708406e-06,1.880764860254388e-06,2.466327811260325e-06,1.8551812093920969e-07
134.15280000220633,2.2307007985077812e-08,1.1336066874650794e-06,1.2468155883096213e-06,1.6094519127288562e-06,2.1105503034105594e-06,1.58756552813132e-07
134.16280000220667,2.0994013521382432e-08,1.0667458198950737e-06,1.1733687589214361e-06,1.5146720886756768e-06,1.986265931436518e-06,1.4940763738885625e-07
134.172800002207,1.674459074974346e-08,8.507247737955408e-07,9.358194693132145e-07,1.208052270560993e-06,1.584184931389861e-06,1.1916331258259516e-07
134.18280000220733,2.1629377276322214e-08,1.098775032032201e-06,1.2087727333554742e-06,1.5604229157748057e-06,2.0462689387822667e-06,1.5392023976794904e-07
134.19280000220766,1.6930032385087946e-08,8.599382236755422e-07,9.4609614922462e-07,1.2213581988232212e-06,1.6016399436281052e-06,1.2047559313666345e-07
134.202800002208,1.7076162489410765e-08,8.672639372304873e-07,9.542216642608776e-07,1.231866362606657e-06,1.6154228441715658e-06,1.2151203039308124e-07
134.21280000220833,1.551964522107327e-08,7.881228216737355e-07,8.672040786637595e-07,1.1195494765742233e-06,1.4681381555917855e-06,1.104332420654801e-07
134.22280000220866,1.4671836896409604e-08,7.449899890691067e-07,8.197962297564809e-07,1.0583632564834888e-06,1.387903482262903e-06,1.0439787714606458e-07
134.232800002209,1.2412988668461348e-08,6.302294130860353e-07,6.93553350433255e-07,8.953982408669882e-07,1.1741992415351948e-06,8.832318030478145e-08
134.24280000220932,1.42886066098847e-08,7.25387641127805e-07,7.983223548418087e-07,1.0306687937855783e-06,1.3515904501346602e-06,1.0166604488586591e-07
134.25280000220965,1.2143165911553895e-08,6.164064463007301e-07,6.78425231576419e-07,8.758917255579407e-07,1.148622863124789e-06,8.63989833521265e-08
134.26280000221,1.1086488428310322e-08,5.627150630766992e-07,6.193667677336421e-07,7.996550084881664e-07,1.0486499181104648e-06,7.887902491487448e-08
134.27280000221032,1.0821425279582337e-08,5.492122882940033e-07,6.045376991726408e-07,7.805192667248749e-07,1.0235573271622775e-06,7.699145166063073e-08
134.28280000221065,1.0186831650810025e-08,5.169592486132503e-07,5.690663517029143e-07,7.347319211321643e-07,9.635143605328644e-07,7.247498719874406e-08
134.29280000221098,9.949152152858648e-09,5.048535670880456e-07,5.557701524690272e-07,7.175738398191967e-07,9.410150062559024e-07,7.078249736966727e-08
134.3028000022113,8.967447201233082e-09,4.5499928360068424e-07,5.009138297308998e-07,6.467557817659094e-07,8.481468582920519e-07,6.379700966946838e-08
